Running 'gradlew :app:assembleRelease' in /home/expo/workingdir/build/android
Welcome to Gradle 8.10.2!
Here are the highlights of this release:
- Support for Java 23
 - Faster configuration cache
 - Better configuration cache reports
For more details see https://docs.gradle.org/8.10.2/release-notes.html
To honour the JVM settings for this build a single-use Daemon process will be forked. For more on this, please refer to https://docs.gradle.org/8.10.2/userguide/gradle_daemon.html#sec:disabling_the_daemon in the Gradle documentation.
Daemon will be stopped at the end of the build
> Task :gradle-plugin:settings-plugin:checkKotlinGradlePluginConfigurationErrors
> Task :gradle-plugin:shared:checkKotlinGradlePluginConfigurationErrors
> Task :gradle-plugin:settings-plugin:pluginDescriptors
> Task :gradle-plugin:settings-plugin:processResources
> Task :gradle-plugin:shared:processResources NO-SOURCE
> Task :gradle-plugin:shared:compileKotlin
> Task :gradle-plugin:shared:compileJava NO-SOURCE
> Task :gradle-plugin:shared:classes UP-TO-DATE
> Task :gradle-plugin:shared:jar
> Task :gradle-plugin:settings-plugin:compileKotlin
> Task :gradle-plugin:settings-plugin:compileJava NO-SOURCE
> Task :gradle-plugin:settings-plugin:classes
> Task :gradle-plugin:settings-plugin:jar
> Task :gradle-plugin:react-native-gradle-plugin:checkKotlinGradlePluginConfigurationErrors
> Task :gradle-plugin:react-native-gradle-plugin:pluginDescriptors
> Task :gradle-plugin:react-native-gradle-plugin:processResources
> Task :gradle-plugin:react-native-gradle-plugin:compileKotlin
> Task :gradle-plugin:react-native-gradle-plugin:compileJava NO-SOURCE
> Task :gradle-plugin:react-native-gradle-plugin:classes
> Task :gradle-plugin:react-native-gradle-plugin:jar
> Configure project :expo
Using expo modules
  - [32mexpo-asset[0m (11.0.5)
  - [32mexpo-av[0m (15.0.2)
  - [32mexpo-constants[0m (17.0.8)
  - [32mexpo-file-system[0m (18.0.12)
  - [32mexpo-font[0m (13.0.4)
  - [32mexpo-image-loader[0m (5.0.0)
  - [32mexpo-image-picker[0m (16.0.6)
  - [32mexpo-keep-awake[0m (14.0.3)
  - [32mexpo-linking[0m (7.0.5)
  - [32mexpo-modules-core[0m (2.2.3)
> Configure project :react-native-reanimated
Android gradle plugin: 8.6.0
Gradle: 8.10.2
> Task :expo-asset:preBuild UP-TO-DATE
> Task :expo-file-system:preBuild UP-TO-DATE
> Task :expo-av:preBuild UP-TO-DATE
> Task :expo-file-system:preReleaseBuild UP-TO-DATE
> Task :expo-av:preReleaseBuild UP-TO-DATE
> Task :expo-font:preBuild UP-TO-DATE
> Task :expo-font:preReleaseBuild UP-TO-DATE
> Task :expo-asset:preReleaseBuild
UP-TO-DATE
> Task :expo-image-loader:preBuild UP-TO-DATE
> Task :expo-image-loader:preReleaseBuild UP-TO-DATE
> Task :app:checkKotlinGradlePluginConfigurationErrors
> Task :app:generateAutolinkingNewArchitectureFiles
> Task :app:generateAutolinkingPackageList
> Task :app:generateCodegenSchemaFromJavaScript SKIPPED
> Task :app:generateCodegenArtifactsFromSchema SKIPPED
> Task :app:preBuild
> Task :app:preReleaseBuild
> Task :expo-av:writeReleaseAarMetadata
> Task :expo-image-loader:writeReleaseAarMetadata
> Task :expo-image-picker:preBuild UP-TO-DATE
> Task :expo-image-picker:preReleaseBuild UP-TO-DATE
> Task :expo-keep-awake:preBuild UP-TO-DATE
> Task :expo-keep-awake:preReleaseBuild UP-TO-DATE
> Task :expo-asset:writeReleaseAarMetadata
> Task :expo-linking:preBuild UP-TO-DATE
> Task :expo-linking:preReleaseBuild UP-TO-DATE
> Task :expo-file-system:writeReleaseAarMetadata
> Task :app:generateReleaseBuildConfig
> Task :expo-font:writeReleaseAarMetadata
> Task :expo-modules-core:preBuild UP-TO-DATE
> Task :expo-modules-core:preReleaseBuild UP-TO-DATE
> Task :expo-keep-awake:writeReleaseAarMetadata
> Task :expo-linking:writeReleaseAarMetadata
> Task :react-native-reanimated:assertLatestReactNativeWithNewArchitectureTask SKIPPED
> Task :expo-modules-core:writeReleaseAarMetadata
> Task :expo-image-picker:writeReleaseAarMetadata
> Task :react-native-reanimated:assertMinimalReactNativeVersionTask SKIPPED
> Task :expo-constants:createExpoConfig
> Task :expo-constants:preBuild
> Task :expo-constants:preReleaseBuild
> Task :expo-constants:writeReleaseAarMetadata
The NODE_ENV environment variable is required but was not specified. Ensure the project is bundled with Expo CLI or NODE_ENV is set.
Proceeding without mode-specific .env
> Task :react-native-gesture-handler:generateCodegenSchemaFromJavaScript
> Task :react-native-async-storage_async-storage:generateCodegenSchemaFromJavaScript
> Task :react-native-reanimated:generateCodegenSchemaFromJavaScript
> Task :react-native-safe-area-context:generateCodegenSchemaFromJavaScript
> Task :react-native-screens:generateCodegenSchemaFromJavaScript
> Task :react-native-svg:generateCodegenSchemaFromJavaScript
> Task :expo:generateExpoModulesPackageListTask
> Task :expo:preBuild
> Task :expo:preReleaseBuild
> Task :expo:writeReleaseAarMetadata
> Task :expo:generateReleaseResValues
> Task :expo:generateReleaseResources
> Task :react-native-reanimated:generateCodegenArtifactsFromSchema
> Task :react-native-gesture-handler:generateCodegenArtifactsFromSchema
> Task :react-native-gesture-handler:preBuild
> Task :react-native-gesture-handler:preReleaseBuild
> Task :react-native-gesture-handler:writeReleaseAarMetadata
> Task :react-native-async-storage_async-storage:generateCodegenArtifactsFromSchema
> Task :react-native-async-storage_async-storage:preBuild
> Task :react-native-async-storage_async-storage:preReleaseBuild
> Task :expo-asset:generateReleaseResValues
> Task :react-native-reanimated:prepareReanimatedHeadersForPrefabs
> Task :react-native-async-storage_async-storage:writeReleaseAarMetadata
> Task :expo-asset:generateReleaseResources
> Task :expo-av:generateReleaseResValues
> Task :react-native-reanimated:prepareWorkletsHeadersForPrefabs
> Task :react-native-reanimated:preBuild
> Task :react-native-reanimated:preReleaseBuild
> Task :expo-av:generateReleaseResources
> Task :react-native-reanimated:writeReleaseAarMetadata
> Task :expo-constants:generateReleaseResValues
> Task :expo:packageReleaseResources
> Task :expo-asset:packageReleaseResources
> Task :expo-file-system:generateReleaseResValues
> Task :react-native-screens:generateCodegenArtifactsFromSchema
> Task :expo-constants:generateReleaseResources
> Task :react-native-screens:preBuild
> Task :react-native-screens:preReleaseBuild
> Task :expo-font:generateReleaseResValues
> Task :react-native-screens:writeReleaseAarMetadata
> Task :expo-file-system:generateReleaseResources
> Task :react-native-safe-area-context:generateCodegenArtifactsFromSchema
> Task :react-native-safe-area-context:preBuild
> Task :expo-font:generateReleaseResources
> Task :expo-constants:packageReleaseResources
> Task :react-native-safe-area-context:preReleaseBuild
> Task :expo-image-loader:generateReleaseResValues
> Task :expo-image-picker:generateReleaseResValues
> Task :react-native-safe-area-context:writeReleaseAarMetadata
> Task :expo-keep-awake:generateReleaseResValues
> Task :expo-image-picker:generateReleaseResources
> Task :expo-image-loader:generateReleaseResources
> Task :expo-font:packageReleaseResources
> Task :expo-keep-awake:generateReleaseResources
> Task :expo-linking:generateReleaseResValues
> Task :expo-image-loader:packageReleaseResources
> Task :expo-image-picker:packageReleaseResources
> Task :expo-file-system:packageReleaseResources
> Task :react-native-gesture-handler:generateReleaseResValues
> Task :react-native-async-storage_async-storage:generateReleaseResValues
> Task :expo-linking:generateReleaseResources
> Task :expo-modules-core:generateReleaseResValues
> Task :react-native-gesture-handler:generateReleaseResources
> Task :expo-keep-awake:packageReleaseResources
> Task :expo-modules-core:generateReleaseResources
> Task :expo-av:packageReleaseResources
> Task :expo-linking:packageReleaseResources
> Task :react-native-reanimated:generateReleaseResValues
> Task :react-native-screens:generateReleaseResValues
> Task :react-native-safe-area-context:generateReleaseResValues
> Task :react-native-reanimated:generateReleaseResources
> Task :react-native-svg:generateCodegenArtifactsFromSchema
> Task :react-native-async-storage_async-storage:generateReleaseResources
> Task :react-native-svg:preBuild
> Task :react-native-svg:preReleaseBuild
> Task :react-native-svg:writeReleaseAarMetadata
> Task :react-native-safe-area-context:generateReleaseResources
> Task :react-native-gesture-handler:packageReleaseResources
> Task :expo-modules-core:packageReleaseResources
> Task :react-native-async-storage_async-storage:packageReleaseResources
> Task :react-native-screens:generateReleaseResources
> Task :react-native-svg:generateReleaseResValues
> Task :expo-av:extractDeepLinksRelease
> Task :expo:extractDeepLinksRelease
> Task :expo-asset:extractDeepLinksRelease
> Task :react-native-reanimated:packageReleaseResources
> Task :react-native-svg:generateReleaseResources
> Task :react-native-safe-area-context:packageReleaseResources
> Task :expo-constants:extractDeepLinksRelease
> Task :expo-file-system:extractDeepLinksRelease
> Task :react-native-svg:packageReleaseResources
> Task :expo-font:extractDeepLinksRelease
> Task :react-native-screens:packageReleaseResources
> Task :expo-image-loader:extractDeepLinksRelease
> Task :expo-av:processReleaseManifest
> Task :expo-asset:processReleaseManifest
> Task :expo-image-loader:processReleaseManifest
> Task :expo-constants:processReleaseManifest
> Task :expo-font:processReleaseManifest
> Task :expo:processReleaseManifest
> Task :expo-file-system:processReleaseManifest
/home/expo/workingdir/build/node_modules/expo-file-system/android/src/main/AndroidManifest.xml:6:9-8:20 Warning:
	provider#expo.modules.filesystem.FileSystemFileProvider@android:authorities was tagged at AndroidManifest.xml:6 to replace other declarations but no other declaration present
> Task :expo-modules-core:extractDeepLinksRelease
> Task :react-native-gesture-handler:extractDeepLinksRelease
> Task :expo-keep-awake:extractDeepLinksRelease
> Task :react-native-async-storage_async-storage:extractDeepLinksRelease
> Task :expo-image-picker:extractDeepLinksRelease
> Task :react-native-reanimated:extractDeepLinksRelease
> Task :expo-linking:extractDeepLinksRelease
> Task :expo-linking:processReleaseManifest
> Task :expo-keep-awake:processReleaseManifest
> Task :react-native-gesture-handler:processReleaseManifest
> Task :react-native-reanimated:processReleaseManifest
> Task :react-native-async-storage_async-storage:processReleaseManifest
package="com.reactnativecommunity.asyncstorage" found in source AndroidManifest.xml: /home/expo/workingdir/build/node_modules/@react-native-async-storage/async-storage/android/src/main/AndroidManifest.xml.
Setting the namespace via the package attribute in the source AndroidManifest.xml is no longer supported, and the value is ignored.
Recommendation: remove package="com.reactnativecommunity.asyncstorage" from the source AndroidManifest.xml: /home/expo/workingdir/build/node_modules/@react-native-async-storage/async-storage/android/src/main/AndroidManifest.xml.
> Task :expo-modules-core:processReleaseManifest
/home/expo/workingdir/build/node_modules/expo-modules-core/android/src/main/AndroidManifest.xml:8:9-11:45 Warning:
	meta-data#com.facebook.soloader.enabled@android:value was tagged at AndroidManifest.xml:8 to replace other declarations but no other declaration present
> Task :expo-image-picker:processReleaseManifest
> Task :react-native-safe-area-context:extractDeepLinksRelease
> Task :react-native-screens:extractDeepLinksRelease
> Task :react-native-svg:extractDeepLinksRelease
> Task :react-native-screens:processReleaseManifest
package="com.swmansion.rnscreens" found in source AndroidManifest.xml: /home/expo/workingdir/build/node_modules/react-native-screens/android/src/main/AndroidManifest.xml.
Setting the namespace via the package attribute in the source AndroidManifest.xml is no longer supported, and the value is ignored.
Recommendation: remove package="com.swmansion.rnscreens" from the source AndroidManifest.xml: /home/expo/workingdir/build/node_modules/react-native-screens/android/src/main/AndroidManifest.xml.
> Task :react-native-svg:processReleaseManifest
package="com.horcrux.svg" found in source AndroidManifest.xml: /home/expo/workingdir/build/node_modules/react-native-svg/android/src/main/AndroidManifest.xml.
Setting the namespace via the package attribute in the source AndroidManifest.xml is no longer supported, and the value is ignored.
Recommendation: remove package="com.horcrux.svg" from the source AndroidManifest.xml: /home/expo/workingdir/build/node_modules/react-native-svg/android/src/main/AndroidManifest.xml.
> Task :react-native-safe-area-context:processReleaseManifest
package="com.th3rdwave.safeareacontext" found in source AndroidManifest.xml: /home/expo/workingdir/build/node_modules/react-native-safe-area-context/android/src/main/AndroidManifest.xml.
Setting the namespace via the package attribute in the source AndroidManifest.xml is no longer supported, and the value is ignored.
Recommendation: remove package="com.th3rdwave.safeareacontext" from the source AndroidManifest.xml: /home/expo/workingdir/build/node_modules/react-native-safe-area-context/android/src/main/AndroidManifest.xml.
> Task :expo-font:compileReleaseLibraryResources
> Task :expo-image-loader:compileReleaseLibraryResources
> Task :expo:compileReleaseLibraryResources
> Task :expo-constants:compileReleaseLibraryResources
> Task :expo-asset:compileReleaseLibraryResources
> Task :expo-av:compileReleaseLibraryResources
> Task :expo-file-system:compileReleaseLibraryResources
> Task :expo:parseReleaseLocalResources
> Task :expo-font:parseReleaseLocalResources
> Task :expo-image-loader:parseReleaseLocalResources
> Task :expo-asset:parseReleaseLocalResources
> Task :expo-constants:parseReleaseLocalResources
> Task :expo-file-system:parseReleaseLocalResources
> Task :expo-av:parseReleaseLocalResources
> Task :expo-constants:generateReleaseRFile
> Task :expo:generateReleaseRFile
> Task :expo-av:generateReleaseRFile
> Task :expo-image-loader:generateReleaseRFile
> Task :expo-asset:generateReleaseRFile
> Task :expo-font:generateReleaseRFile
> Task :expo-file-system:generateReleaseRFile
> Task :react-native-reanimated:compileReleaseLibraryResources
> Task :expo-modules-core:compileReleaseLibraryResources
> Task :expo-keep-awake:compileReleaseLibraryResources
> Task :expo-linking:compileReleaseLibraryResources
> Task :react-native-async-storage_async-storage:compileReleaseLibraryResources
> Task :react-native-gesture-handler:compileReleaseLibraryResources
> Task :expo-image-picker:compileReleaseLibraryResources
> Task :expo-linking:parseReleaseLocalResources
> Task :expo-keep-awake:parseReleaseLocalResources
> Task :expo-image-picker:parseReleaseLocalResources
> Task :expo-modules-core:parseReleaseLocalResources
> Task :react-native-reanimated:parseReleaseLocalResources
> Task :react-native-gesture-handler:parseReleaseLocalResources
> Task :react-native-async-storage_async-storage:parseReleaseLocalResources
> Task :expo-linking:generateReleaseRFile
> Task :expo-keep-awake:generateReleaseRFile
> Task :react-native-async-storage_async-storage:generateReleaseRFile
> Task :react-native-reanimated:generateReleaseRFile
> Task :expo-modules-core:generateReleaseRFile
> Task :expo:checkKotlinGradlePluginConfigurationErrors
> Task :expo-asset:checkKotlinGradlePluginConfigurationErrors
> Task :react-native-gesture-handler:generateReleaseRFile
> Task :expo-asset:generateReleaseBuildConfig
> Task :react-native-svg:compileReleaseLibraryResources
> Task :react-native-safe-area-context:compileReleaseLibraryResources
> Task :expo-image-picker:generateReleaseRFile
> Task :expo-modules-core:checkKotlinGradlePluginConfigurationErrors
> Task :expo:generateReleaseBuildConfig
> Task :expo-av:checkKotlinGradlePluginConfigurationErrors
> Task :expo-modules-core:generateReleaseBuildConfig
> Task :react-native-screens:parseReleaseLocalResources
> Task :react-native-safe-area-context:parseReleaseLocalResources
> Task :react-native-screens:compileReleaseLibraryResources
> Task :expo-constants:checkKotlinGradlePluginConfigurationErrors
> Task :react-native-svg:parseReleaseLocalResources
> Task :expo-av:generateReleaseBuildConfig
> Task :expo-asset:javaPreCompileRelease
> Task :react-native-safe-area-context:generateReleaseRFile
> Task :expo-file-system:checkKotlinGradlePluginConfigurationErrors
> Task :expo-constants:generateReleaseBuildConfig
> Task :expo-font:checkKotlinGradlePluginConfigurationErrors
> Task :react-native-screens:generateReleaseRFile
> Task :expo-image-loader:checkKotlinGradlePluginConfigurationErrors
> Task :expo-file-system:generateReleaseBuildConfig
> Task :expo-av:javaPreCompileRelease
> Task :expo-image-picker:checkKotlinGradlePluginConfigurationErrors
> Task :expo-constants:javaPreCompileRelease
> Task :expo-keep-awake:checkKotlinGradlePluginConfigurationErrors
> Task :expo-font:generateReleaseBuildConfig
> Task :expo-file-system:javaPreCompileRelease
> Task :expo-linking:checkKotlinGradlePluginConfigurationErrors
> Task :expo-image-loader:generateReleaseBuildConfig
> Task :expo-keep-awake:generateReleaseBuildConfig
> Task :expo-image-picker:generateReleaseBuildConfig
> Task :react-native-svg:generateReleaseRFile
> Task :expo-font:javaPreCompileRelease
> Task :expo-image-picker:javaPreCompileRelease
> Task :expo-linking:generateReleaseBuildConfig
> Task :react-native-gesture-handler:checkKotlinGradlePluginConfigurationErrors
> Task :expo:javaPreCompileRelease
> Task :expo-image-loader:javaPreCompileRelease
> Task :expo-keep-awake:javaPreCompileRelease
> Task :react-native-safe-area-context:checkKotlinGradlePluginConfigurationErrors
> Task :react-native-screens:checkKotlinGradlePluginConfigurationErrors
> Task :react-native-gesture-handler:generateReleaseBuildConfig
> Task :expo-linking:javaPreCompileRelease
> Task :react-native-safe-area-context:generateReleaseBuildConfig
> Task :react-native-reanimated:generateReleaseBuildConfig
> Task :react-native-gesture-handler:javaPreCompileRelease
> Task :react-native-svg:generateReleaseBuildConfig
> Task :react-native-reanimated:javaPreCompileRelease
> Task :react-native-reanimated:packageNdkLibs NO-SOURCE
> Task :react-native-screens:generateReleaseBuildConfig
> Task :expo:extractProguardFiles
> Task :react-native-svg:javaPreCompileRelease
> Task :react-native-async-storage_async-storage:generateReleaseBuildConfig
> Task :expo-asset:extractProguardFiles
> Task :expo-asset:prepareLintJarForPublish
> Task :expo-av:extractProguardFiles
> Task :expo-av:prepareLintJarForPublish
> Task :expo-constants:extractProguardFiles
> Task :app:createBundleReleaseJsAndAssets
Starting Metro Bundler
> Task :react-native-async-storage_async-storage:javaPreCompileRelease
> Task :expo-constants:prepareLintJarForPublish
> Task :expo-file-system:extractProguardFiles
> Task :expo-file-system:prepareLintJarForPublish
> Task :expo-font:extractProguardFiles
> Task :expo-font:prepareLintJarForPublish
> Task :expo-image-loader:extractProguardFiles
> Task :expo-image-loader:prepareLintJarForPublish
> Task :expo-image-picker:extractProguardFiles
> Task :expo-image-picker:prepareLintJarForPublish
> Task :expo-keep-awake:extractProguardFiles
> Task :expo-keep-awake:prepareLintJarForPublish
> Task :expo-linking:extractProguardFiles
> Task :expo-linking:prepareLintJarForPublish
> Task :react-native-screens:javaPreCompileRelease
> Task :react-native-safe-area-context:javaPreCompileRelease
> Task :expo:prepareLintJarForPublish
> Task :react-native-gesture-handler:extractProguardFiles
> Task :react-native-gesture-handler:prepareLintJarForPublish
> Task :react-native-safe-area-context:extractProguardFiles
> Task :react-native-safe-area-context:prepareLintJarForPublish
> Task :react-native-screens:extractProguardFiles
> Task :react-native-screens:prepareLintJarForPublish
> Task :expo:mergeReleaseJniLibFolders
> Task :expo:mergeReleaseNativeLibs NO-SOURCE
> Task :expo:stripReleaseDebugSymbols NO-SOURCE
> Task :expo:copyReleaseJniLibsProjectAndLocalJars
> Task :expo:extractDeepLinksForAarRelease
> Task :expo:mergeReleaseShaders
> Task :expo:compileReleaseShaders NO-SOURCE
> Task :expo:generateReleaseAssets UP-TO-DATE
> Task :expo:packageReleaseAssets
> Task :expo:prepareReleaseArtProfile
> Task :react-native-gesture-handler:mergeReleaseJniLibFolders
> Task :react-native-gesture-handler:extractDeepLinksForAarRelease
> Task :react-native-gesture-handler:mergeReleaseShaders
> Task :react-native-gesture-handler:compileReleaseShaders NO-SOURCE
> Task :react-native-gesture-handler:generateReleaseAssets UP-TO-DATE
> Task :react-native-gesture-handler:packageReleaseAssets
> Task :react-native-gesture-handler:prepareReleaseArtProfile
> Task :react-native-safe-area-context:mergeReleaseJniLibFolders
> Task :expo-modules-core:javaPreCompileRelease
> Task :expo-modules-core:extractProguardFiles
> Task :expo-modules-core:prepareLintJarForPublish
> Task :react-native-safe-area-context:mergeReleaseNativeLibs NO-SOURCE
> Task :react-native-safe-area-context:stripReleaseDebugSymbols NO-SOURCE
> Task :react-native-safe-area-context:copyReleaseJniLibsProjectAndLocalJars
> Task :react-native-safe-area-context:extractDeepLinksForAarRelease
> Task :react-native-safe-area-context:mergeReleaseShaders
> Task :react-native-safe-area-context:compileReleaseShaders NO-SOURCE
> Task :react-native-safe-area-context:generateReleaseAssets UP-TO-DATE
> Task :react-native-safe-area-context:packageReleaseAssets
> Task :react-native-safe-area-context:prepareReleaseArtProfile
> Task :react-native-screens:configureCMakeRelWithDebInfo[arm64-v8a]
Checking the license for package CMake 3.22.1 in /home/expo/Android/Sdk/licenses
License for package CMake 3.22.1 accepted.
Preparing "Install CMake 3.22.1 v.3.22.1".
"Install CMake 3.22.1 v.3.22.1" ready.
Installing CMake 3.22.1 in /home/expo/Android/Sdk/cmake/3.22.1
"Install CMake 3.22.1 v.3.22.1" complete.
"Install CMake 3.22.1 v.3.22.1" finished.
> Task :react-native-safe-area-context:compileReleaseKotlin
w: file:///home/expo/workingdir/build/node_modules/react-native-safe-area-context/android/src/main/java/com/th3rdwave/safeareacontext/SafeAreaContextPackage.kt:27:11 'constructor ReactModuleInfo(String, String, Boolean, Boolean, Boolean, Boolean, Boolean)' is deprecated. use ReactModuleInfo(String, String, boolean, boolean, boolean, boolean)]
w: file:///home/expo/workingdir/build/node_modules/react-native-safe-area-context/android/src/main/java/com/th3rdwave/safeareacontext/SafeAreaContextPackage.kt:33:27 'getter for hasConstants: Boolean' is deprecated. This property is unused and it's planning to be removed in a future version of
        React Native. Please refrain from using it.
w: file:///home/expo/workingdir/build/node_modules/react-native-safe-area-context/android/src/main/java/com/th3rdwave/safeareacontext/SafeAreaView.kt:59:23 'getter for uiImplementation: UIImplementation!' is deprecated. Deprecated in Java
> Task :app:createBundleReleaseJsAndAssets
Android Bundled 7899ms node_modules/expo-router/entry.js (4068 modules)
Writing bundle output to: /home/expo/workingdir/build/android/app/build/generated/assets/createBundleReleaseJsAndAssets/index.android.bundle
Writing sourcemap output to: /home/expo/workingdir/build/android/app/build/intermediates/sourcemaps/react/release/index.android.bundle.packager.map
Copying 34 asset files
Done writing bundle output
Done writing sourcemap output
/home/expo/workingdir/build/android/app/build/generated/assets/createBundleReleaseJsAndAssets/index.android.bundle:2373:20: warning: the variable "Promise" was not declared in function "promiseMethodWrapper"
        return new Promise((resolve, reject) => {
                   ^~~~~~~
/home/expo/workingdir/build/android/app/build/generated/assets/createBundleReleaseJsAndAssets/index.android.bundle:2595:23: warning: the variable "DebuggerInternal" was not declared in function "__shouldPauseOnThrow"
        return typeof DebuggerInternal !== 'undefined' && DebuggerInternal.sh...
                      ^~~~~~~~~~~~~~~~
/home/expo/workingdir/build/android/app/build/generated/assets/createBundleReleaseJsAndAssets/index.android.bundle:3912:5: warning: the variable "setImmediate" was not declared in function "handleResolved"
    setImmediate(function () {
    ^~~~~~~~~~~~
/home/expo/workingdir/build/android/app/build/generated/assets/createBundleReleaseJsAndAssets/index.android.bundle:5260:94: warning: the variable "setTimeout" was not declared in anonymous arrow function " 237#"
...).then(callback).catch(error => setTimeout(() => {
                                   ^~~~~~~~~~
/home/expo/workingdir/build/android/app/build/generated/assets/createBundleReleaseJsAndAssets/index.android.bundle:7537:5: warning: the variable "Headers" was not declared in anonymous function " 310#"
    Headers,
    ^~~~~~~
/home/expo/workingdir/build/android/app/build/generated/assets/createBundleReleaseJsAndAssets/index.android.bundle:7538:5: warning: the variable "Request" was not declared in anonymous function " 310#"
    Request,
    ^~~~~~~
/home/expo/workingdir/build/android/app/build/generated/assets/createBundleReleaseJsAndAssets/index.android.bundle:7539:5: warning: the variable "Response" was not declared in anonymous function " 310#"
    Response
    ^~~~~~~~
/home/expo/workingdir/build/android/app/build/generated/assets/createBundleReleaseJsAndAssets/index.android.bundle:7696:24: warning: the variable "FileReader" was not declared in function "readBlobAsArrayBuffer"
      var reader = new FileReader();
                       ^~~~~~~~~~
/home/expo/workingdir/build/android/app/build/generated/assets/createBundleReleaseJsAndAssets/index.android.bundle:7747:36: warning: the variable "Blob" was not declared in anonymous function " 321#"
        } else if (support.blob && Blob.prototype.isPrototypeOf(body)) {
                                   ^~~~
/home/expo/workingdir/build/android/app/build/generated/assets/createBundleReleaseJsAndAssets/index.android.bundle:7749:40: warning: the variable "FormData" was not declared in anonymous function " 321#"
        } else if (support.formData && FormData.prototype.isPrototypeOf(body)) {
                                       ^~~~~~~~
/home/expo/workingdir/build/android/app/build/generated/assets/createBundleReleaseJsAndAssets/index.android.bundle:7751:44: warning: the variable "URLSearchParams" was not declared in anonymous function " 321#"
...e if (support.searchParams && URLSearchParams.prototype.isPrototypeOf(body...
                                 ^~~~~~~~~~~~~~~
/home/expo/workingdir/build/android/app/build/generated/assets/createBundleReleaseJsAndAssets/index.android.bundle:7870:26: warning: the variable "AbortController" was not declared in anonymous function " 327#"
          var ctrl = new AbortController();
                         ^~~~~~~~~~~~~~~
/home/expo/workingdir/build/android/app/build/generated/assets/createBundleReleaseJsAndAssets/index.android.bundle:8004:23: warning: the variable "XMLHttpRequest" was not declared in anonymous function " 331#"
        var xhr = new XMLHttpRequest();
                      ^~~~~~~~~~~~~~
/home/expo/workingdir/build/android/app/build/generated/assets/createBundleReleaseJsAndAssets/index.android.bundle:7549:71: warning: the variable "self" was not declared in anonymous function " 313#"
...undefined' && globalThis || typeof self !== 'undefined' && self ||
                                      ^~~~
/home/expo/workingdir/build/android/app/build/generated/assets/createBundleReleaseJsAndAssets/index.android.bundle:17100:31: warning: the variable "nativeFabricUIManager" was not declared in anonymous function " 644#"
  var _nativeFabricUIManage = nativeFabricUIManager,
                              ^~~~~~~~~~~~~~~~~~~~~
/home/expo/workingdir/build/android/app/build/generated/assets/createBundleReleaseJsAndAssets/index.android.bundle:17128:21: warning: the variable "clearTimeout" was not declared in anonymous function " 644#"
    cancelTimeout = clearTimeout;
                    ^~~~~~~~~~~~
/home/expo/workingdir/build/android/app/build/generated/assets/createBundleReleaseJsAndAssets/index.android.bundle:17141:51: warning: the variable "RN$enableMicrotasksInReact" was not declared in anonymous function " 644#"
... "undefined" !== typeof RN$enableMicrotasksInReact && !!RN$enableMicrotask...
                           ^~~~~~~~~~~~~~~~~~~~~~~~~~
/home/expo/workingdir/build/android/app/build/generated/assets/createBundleReleaseJsAndAssets/index.android.bundle:17142:47: warning: the variable "queueMicrotask" was not declared in anonymous function " 644#"
...otask = "function" === typeof queueMicrotask ? queueMicrotask : scheduleTi...
                                 ^~~~~~~~~~~~~~
/home/expo/workingdir/build/android/app/build/generated/assets/createBundleReleaseJsAndAssets/index.android.bundle:21563:30: warning: the variable "__REACT_DEVTOOLS_GLOBAL_HOOK__" was not declared in anonymous function " 644#"
  if ("undefined" !== typeof __REACT_DEVTOOLS_GLOBAL_HOOK__) {
                             ^~~~~~~~~~~~~~~~~~~~~~~~~~~~~~
/home/expo/workingdir/build/android/app/build/generated/assets/createBundleReleaseJsAndAssets/index.android.bundle:21701:26: warning: the variable "navigator" was not declared in anonymous function " 677#"
  "undefined" !== typeof navigator && undefined !== navigator.scheduling && u...
                         ^~~~~~~~~
/home/expo/workingdir/build/android/app/build/generated/assets/createBundleReleaseJsAndAssets/index.android.bundle:21811:37: warning: the variable "MessageChannel" was not declared in anonymous function " 677#"
  };else if ("undefined" !== typeof MessageChannel) {
                                    ^~~~~~~~~~~~~~
/home/expo/workingdir/build/android/app/build/generated/assets/createBundleReleaseJsAndAssets/index.android.bundle:21826:34: warning: the variable "nativeRuntimeScheduler" was not declared in anonymous function " 677#"
... = "undefined" !== typeof nativeRuntimeScheduler ? nativeRuntimeScheduler....
                             ^~~~~~~~~~~~~~~~~~~~~~
/home/expo/workingdir/build/android/app/build/generated/assets/createBundleReleaseJsAndAssets/index.android.bundle
:32746:34: warning: the variable "requestAnimationFrame" was not declared in function "start 9#"
...    this._animationFrame = requestAnimationFrame(this.onUpdate.bind(this));
                              ^~~~~~~~~~~~~~~~~~~~~
/home/expo/workingdir/build/android/app/build/generated/assets/createBundleReleaseJsAndAssets/index.android.bundle:49295:11: warning: the variable "_WORKLET" was not declared in function "assertEasingIsWorklet"
      if (_WORKLET) {
          ^~~~~~~~
/home/expo/workingdir/build/android/app/build/generated/assets/createBundleReleaseJsAndAssets/index.android.bundle:51078:94: warning: the variable "location" was not declared in function "registerSensor 1#"
...(0, _PlatformChecker.isWeb)() && location.protocol !== 'https:' ? ' Make s...
                                    ^~~~~~~~
/home/expo/workingdir/build/android/app/build/generated/assets/createBundleReleaseJsAndAssets/index.android.bundle:51540:12: warning: the variable "__reanimatedLoggerConfig" was not declared in function "replaceLoggerImplementation"
        ...__reanimatedLoggerConfig,
           ^~~~~~~~~~~~~~~~~~~~~~~~
/home/expo/workingdir/build/android/app/build/generated/assets/createBundleReleaseJsAndAssets/index.android.bundle:52141:26: warning: Direct call to eval(), but lexical scope is not supported.
            workletFun = eval('(' + initData.code + '\n)');
                         ^~~~~~~~~~~~~~~~~~~~~~~~~~~~~~~~~
/home/expo/workingdir/build/android/app/build/generated/assets/createBundleReleaseJsAndAssets/index.android.bundle:52164:112: warning: the variable "_toString" was not declared in function "valueUnpacker"
...recognized by value unpacker: "${_toString(objectToUnpack)}".`);
                                    ^~~~~~~~~
/home/expo/workingdir/build/android/app/build/generated/assets/createBundleReleaseJsAndAssets/index.android.bundle:69134:26: warning: the variable "structuredClone" was not declared in function "createAnimationWithInitialValues"
    var animationStyle = structuredClone(_config.AnimationsData[animationName...
                         ^~~~~~~~~~~~~~~
/home/expo/workingdir/build/android/app/build/generated/assets/createBundleReleaseJsAndAssets/index.android.bundle:69454:5: warning: the variable "document" was not declared in function "configureWebLayoutAnimations"
    document.getElementById(PREDEFINED_WEB_ANIMATIONS_ID) !== null) {
    ^~~~~~~~
/home/expo/workingdir/build/android/app/build/generated/assets/createBundleReleaseJsAndAssets/index.android.bundle:69549:27: warning: the variable "HTMLElement" was not declared in function "findDescendantWithExitingAnimation"
    if (!(node instanceof HTMLElement)) {
                          ^~~~~~~~~~~
/home/expo/workingdir/build/android/app/build/generated/assets/createBundleReleaseJsAndAssets/index.android.bundle:69575:24: warning: the variable "MutationObserver" was not declared in function "addHTMLMutationObserver"
    var observer = new MutationObserver(mutationsList => {
                       ^~~~~~~~~~~~~~~~
/home/expo/workingdir/build/android/app/build/generated/assets/createBundleReleaseJsAndAssets/index.android.bundle:69620:41: warning: the variable "getComputedStyle" was not declared in function "fixElementPosition"
...entBorderTopValue = parseInt(getComputedStyle(parent).borderTopWidth);
                                ^~~~~~~~~~~~~~~~
/home/expo/workingdir/build/android/app/build/generated/assets/createBundleReleaseJsAndAssets/index.android.bundle:73591:5: warning: the variable "jest" was not declared in arrow function "beforeTest"
    jest.useFakeTimers();
    ^~~~
/home/expo/workingdir/build/android/app/build/generated/assets/createBundleReleaseJsAndAssets/index.android.bundle:74167:26: warning: the variable "_getAnimationTimestamp" was not declared in function "computeEasingProgress"
      var elapsedTime = (_getAnimationTimestamp() - startingTimestamp) / 1000;
                         ^~~~~~~~~~~~~~~~~~~~~~
/home/expo/workingdir/build/android/app/build/generated/assets/createBundleReleaseJsAndAssets/index.android.bundle:79008:16: warning: the variable "SharedArrayBuffer" was not declared in function "from 1#"
    if (typeof SharedArrayBuffer !== 'undefined' && (isInstance(value, Shared...
               ^~~~~~~~~~~~~~~~~
/home/expo/workingdir/build/android/app/build/generated/assets/createBundleReleaseJsAndAssets/index.android.bundle:84296:26: warning: the variable "SuppressedError" was not declared in anonymous function " 2767#"
    "function" == typeof SuppressedError && SuppressedError;
                         ^~~~~~~~~~~~~~~
/home/expo/workingdir/build/android/app/build/generated/assets/createBundleReleaseJsAndAssets/index.android.bundle:92130:16: warning: Direct call to eval(), but lexical scope is not supported.
        return eval(body);
               ^~~~~~~~~~
/home/expo/workingdir/build/android/app/build/generated/assets/createBundleReleaseJsAndAssets/index.android.bundle:101026:9: warning: the variable "REACT_NAVIGATION_DEVTOOLS" was not declared in anonymous arrow function " 3705#"
        REACT_NAVIGATION_DEVTOOLS.set(refContainer.current, {
        ^~~~~~~~~~~~~~~~~~~~~~~~~
/home/expo/workingdir/build/android/app/build/generated/assets/createBundleReleaseJsAndAssets/index.android.bundle:106372:16: warning: the variable "requestIdleCallback" was not declared in anonymous arrow function " 3922#"
      var id = requestIdleCallback(() => {
               ^~~~~~~~~~~~~~~~~~~
/home/expo/workingdir/build/android/app/build/generated/assets/createBundleReleaseJsAndAssets/index.android.bundle:106375:20: warning: the variable "cancelIdleCallback" was not declared in anonymous arrow function " 3924#"
      return () => cancelIdleCallback(id);
                   ^~~~~~~~~~~~~~~~~~
/home/expo/workingdir/build/android/app/build/generated/assets/createBundleReleaseJsAndAssets/index.android.bundle:109878:11: warning: the variable "cancelAnimationFrame" was not declared in function "cleanup 1#"
          cancelAnimationFrame(this.splashScreenAnimationFrame);
          ^~~~~~~~~~~~~~~~~~~~
/home/expo/workingdir/build/android/app/build/generated/assets/createBundleReleaseJsAndAssets/index.android.bundle:111058:16: warning: the variable "ReactNativeWebView" was not declared in function "emitDomEvent"
    if (typeof ReactNativeWebView !== 'undefined') {
               ^~~~~~~~~~~~~~~~~~
/home/expo/workingdir/build/android/app/build/generated/assets/createBundleReleaseJsAndAssets/index.android.bundle:129292:76: warning: the variable "Buffer" was not declared in function "convertValue"
... 'function' ? new Blob([value]) : Buffer.from(value);
                                     ^~~~~~
/home/expo/workingdir/build/android/app/build/generated/assets/createBundleReleaseJsAndAssets/index.android.bundle:129578:19: warning: the variable "WorkerGlobalScope" was not declared in anonymous arrow function " 4764#"
    return typeof WorkerGlobalScope !== 'undefined' &&
                  ^~~~~~~~~~~~~~~~~
/home/expo/workingdir/build/android/app/build/generated/assets/createBundleReleaseJsAndAssets/index.android.bundle:130511:47: warning: the variable "btoa" was not declared in arrow function "resolveConfig"
...rs.set('Authorization', 'Basic ' + btoa((auth.username || '') + ':' + (aut...
                                      ^~~~
/home/expo/workingdir/build/android/app/build/generated/assets/createBundleReleaseJsAndAssets/index.android.bundle:130837:16: warning: the variable "ReadableStream" was not declared in arrow function "trackStream"
    return new ReadableStream({
               ^~~~~~~~~~~~~~
/home/expo/workingdir/build/android/app/build/generated/assets/createBundleReleaseJsAndAssets/index.android.bundle:230239:39: warning: the variable "setInterval" was not declared in arrow function "setInterval 1#"
    setInterval: (callback, delay) => setInterval(callback, delay),
                                      ^~~~~~~~~~~
/home/expo/workingdir/build/android/app/build/generated/assets/createBundleReleaseJsAndAssets/index.android.bundle:230240:34: warning: the variable "clearInterval" was not declared in arrow function "clearInterval 1#"
    clearInterval: intervalId => clearInterval(intervalId)
                                 ^~~~~~~~~~~~~
> Task :react-native-svg:compileReleaseJavaWithJavac
> Task :react-native-reanimated:compileReleaseJavaWithJavac
/home/expo/workingdir/build/node_modules/react-native-svg/android/src/main/java/com/horcrux/svg/RenderableViewManager.java:388: warning: [removal] processTransform(ReadableArray,double[]) in TransformHelper has been deprecated and marked for removal
    TransformHelper.processTransform(transforms, sTransformDecompositionArray);
                   ^
Note: Some input files use or override a deprecated API.
Note: Recompile with -Xlint:deprecation for details.
Note: Some input files use unchecked or unsafe operations.
Note: Recompile with -Xlint:unchecked for details.
1 warning
Note: Some input files use or override a deprecated API.
Note: Recompile with -Xlint:deprecation for details.
Note: Some input files use unchecked or unsafe operations.
Note: Recompile with -Xlint:unchecked for details.
> Task :react-native-svg:bundleLibCompileToJarRelease
> Task :react-native-async-storage_async-storage:compileReleaseJavaWithJavac
/home/expo/workingdir/build/node_modules/@react-native-async-storage/async-storage/android/src/main/java/com/reactnativecommunity/asyncstorage/AsyncStorageModule.java:84: warning: [removal] onCatalystInstanceDestroy() in NativeModule has been deprecated and marked for removal
  public void onCatalystInstanceDestroy() {
              ^
Note: Some input files use or override a deprecated API.
Note: Recompile with -Xlint:deprecation for details.
Note: /home/expo/workingdir/build/node_modules/@react-native-async-storage/async-storage/android/src/javaPackage/java/com/reactnativecommunity/asyncstorage/AsyncStoragePackage.java uses unchecked or unsafe operations.
Note: Recompile with -Xlint:unchecked for details.
1 warning
> Task :react-native-reanimated:bundleLibCompileToJarRelease
> Task :react-native-safe-area-context:compileReleaseJavaWithJavac
> Task :react-native-svg:bundleLibRuntimeToJarRelease
> Task :react-native-safe-area-context:bundleLibCompileToJarRelease
> Task :react-native-async-storage_async-storage:processReleaseJavaRes NO-SOURCE
> Task :react-native-async-storage_async-storage:extractProguardFiles
> Task :react-native-async-storage_async-storage:bundleLibCompileToJarRelease
> Task :react-native-async-storage_async-storage:bundleLibRuntimeToJarRelease
> Task :react-native-reanimated:processReleaseJavaRes NO-SOURCE
> Task :react-native-reanimated:bundleLibRuntimeToJarRelease
> Task :react-native-reanimated:extractProguardFiles
> Task :react-native-reanimated:createFullJarRelease
> Task :react-native-safe-area-context:bundleLibRuntimeToJarRelease
> Task :react-native-safe-area-context:processReleaseJavaRes
> Task :react-native-safe-area-context:createFullJarRelease
> Task :react-native-safe-area-context:generateReleaseLintModel
> Task :react-native-svg:processReleaseJavaRes NO-SOURCE
> Task :react-native-async-storage_async-storage:generateReleaseLintModel
> Task :react-native-async-storage_async-storage:createFullJarRelease
> Task :react-native-svg:createFullJarRelease
> Task :react-native-svg:extractProguardFiles
> Task :react-native-async-storage_async-storage:prepareLintJarForPublish
> Task :react-native-svg:generateReleaseLintModel
> Task :react-native-svg:prepareLintJarForPublish
> Task :react-native-async-storage_async-storage:mergeReleaseJniLibFolders
> Task :react-native-async-storage_async-storage:mergeReleaseNativeLibs NO-SOURCE
> Task :react-native-async-storage_async-storage:stripReleaseDebugSymbols NO-SOURCE
> Task :react-native-async-storage_async-storage:copyReleaseJniLibsProjectAndLocalJars
> Task :react-native-async-storage_async-storage:extractDeepLinksForAarRelease
> Task :react-native-reanimated:generateReleaseLintModel
> Task :react-native-reanimated:prepareLintJarForPublish
> Task :react-native-reanimated:configureCMakeRelWithDebInfo[arm64-v8a]
> Task :react-native-safe-area-context:extractReleaseAnnotations
> Task :react-native-async-storage_async-storage:extractReleaseAnnotations
> Task :react-native-safe-area-context:mergeReleaseGeneratedProguardFiles
> Task :react-native-async-storage_async-storage:mergeReleaseGeneratedProguardFiles
> Task :react-native-async-storage_async-storage:mergeReleaseConsumerProguardFiles
> Task :react-native-safe-area-context:mergeReleaseConsumerProguardFiles
> Task :react-native-screens:buildCMakeRelWithDebInfo[arm64-v8a]
> Task :react-native-screens:compileReleaseKotlin
w: file:///home/expo/workingdir/build/node_modules/react-native-screens/android/src/main/java/com/swmansion/rnscreens/CustomToolbar.kt:19:53 'FrameCallback' is deprecated. Use Choreographer.FrameCallback instead
w: file:///home/expo/workingdir/build/node_modules/react-native-screens/android/src/main/java/com/swmansion/rnscreens/CustomToolbar.kt:20:38 'FrameCallback' is deprecated. Use Choreographer.FrameCallback instead
w: file:///home/expo/workingdir/build/node_modules/react-native-screens/android/src/main/java/com/swmansion/rnscreens/RNScreensPackage.kt:64:17 'constructor ReactModuleInfo(String, String, Boolean, Boolean, Boolean, Boolean, Boolean)' is deprecated. use ReactModuleInfo(String, String, boolean, boolean, boolean, boolean)]
w: file:///home/expo/workingdir/build/node_modules/react-native-screens/android/src/main/java/com/swmansion/rnscreens/Screen.kt:45:77 Unchecked cast: CoordinatorLayout.Behavior<(raw) View!>? to BottomSheetBehavior<Screen>
w: file:///home/expo/workingdir/build/node_modules/react-native-screens/android/src/main/java/com/swmansion/rnscreens/ScreenContainer.kt:33:53 'FrameCallback' is deprecated. Use Choreographer.FrameCallback instead
w: file:///home/expo/workingdir/build/node_modules/react-native-screens/android/src/main/java/com/swmansion/rnscreens/ScreenContainer.kt:34:38 'FrameCallback' is deprecated. Use Choreographer.FrameCallback instead
w: file:///home/expo/workingdir/build/node_modules/react-native-screens/android/src/main/java/com/swmansion/rnscreens/ScreenFooter.kt:252:9 Parameter 'changed' is never used
w: file:///home/expo/workingdir/build/node_modules/react-native-screens/android/src/main/java/com/swmansion/rnscreens/ScreenFooter.kt:253:9 Parameter 'left' is never used
w: file:///home/expo/workingdir/build/node_modules/react-native-screens/android/src/main/java/com/swmansion/rnscreens/ScreenFooter.kt:254:9 Parameter 'top' is never used
w: file:///home/expo/workingdir/build/node_modules/react-native-screens/android/src/main/java/com/swmansion/rnscreens/ScreenFooter.kt:255:9 Parameter 'right' is never used
w: file:///home/expo/workingdir/build/node_modules/react-native-screens/android/src/main/java/com/swmansion/rnscreens/ScreenFooter.kt:256:9 Parameter 'bottom' is never used
w: file:///home/expo/workingdir/build/node_modules/react-native-screens/android/src/main/java/com/swmansion/rnscreens/ScreenStackFragment.kt:257:31 'setter for targetElevation: Float' is deprecated. Deprecated in Java
w: file:///home/expo/workingdir/build/node_modules/react-native-screens/android/src/main/java/com/swmansion/rnscreens/ScreenStackFragment.kt:260:13 'setHasOptionsMenu(Boolean): Unit' is deprecated. Deprecated in Java
w: file:///home/expo/workingdir/build/node_modules/react-native-screens/android/src/main/java/com/swmansion/rnscreens/ScreenStackFragment.kt:496:22 'onPrepareOptionsMenu(Menu): Unit' is deprecated. Deprecated in Java
w: file:///home/expo/workingdir/build/node_modules/react-native-screens/android/src/main/java/com/swmansion/rnscreens/ScreenStackFragment.kt:504:22 'onCreateOptionsMenu(Menu, MenuInflater): Unit' is deprecated. Deprecated in Java
w: file:///home/expo/workingdir/build/node_modules/react-native-screens/android/src/main/java/com/swmansion/rnscreens/ScreenStackHeaderConfig.kt:100:38 'getter for systemWindowInsetTop: Int' is deprecated. Deprecated in Java
w: file:///home/expo/workingdir/build/node_modules/react-native-screens/android/src/main/java/com/swmansion/rnscreens/ScreenStackHeaderConfigViewManager.kt:7:34 'MapBuilder' is deprecated. Deprecated in Java
w: file:///home/expo/workingdir/build/node_modules/react-native-screens/android/src/main/java/com/swmansion/rnscreens/ScreenStackHeaderConfigViewManager.kt:209:9 'MapBuilder' is deprecated. Deprecated in Java
w: file:///home/expo/workingdir/build/node_modules/react-native-screens/android/src/main/java/com/swmansion/rnscreens/ScreenStackHeaderConfigViewManager.kt:211:13 'MapBuilder' is deprecated. Deprecated in Java
w: file:///home/expo/workingdir/build/node_modules/react-native-screens/android/src/main/java/com/swmansion/rnscreens/ScreenStackHeaderConfigViewManager.kt:213:13 'MapBuilder' is deprecated. Deprecated in Java
w: file:///home/expo/workingdir/build/node_modules/react-native-screens/android/src/main/java/com/swmansion/rnscreens/ScreenViewManager.kt:7:34 'MapBuilder' is deprecated. Deprecated in Java
w: file:///home/expo/workingdir/build/node_modules/react-native-screens/android/src/main/java/com/swmansion/rnscreens/ScreenViewManager.kt:375:48 'MapBuilder' is deprecated. Deprecated in Java
w: file:///home/expo/workingdir/build/node_modules/react-native-screens/android/src/main/java/com/swmansion/rnscreens/ScreenViewManager.kt:376:49 'MapBuilder' is deprecated. Deprecated in Java
w: file:///home/expo/workingdir/build/node_modules/react-native-screens/android/src/main/java/com/swmansion/rnscreens/ScreenViewManager.kt:377:45 'MapBuilder' is deprecated. Deprecated in Java
w: file:///home/expo/workingdir/build/node_modules/react-native-screens/android/src/main/java/com/swmansion/rnscreens/ScreenViewManager.kt:378:52 'MapBuilder' is deprecated. Deprecated in Java
w: file:///home/expo/workingdir/build/node_modules/react-native-screens/android/src/main/java/com/swmansion/rnscreens/ScreenViewManager.kt:379:48 'MapBuilder' is deprecated. Deprecated in Java
w: file:///home/expo/workingdir/build/node_modules/react-native-screens/android/src/main/java/com/swmansion/rnscreens/ScreenViewManager.kt:380:51 'MapBuilder' is deprecated. Deprecated in Java
w: file:///home/expo/workingdir/build/node_modules/react-native-screens/android/src/main/java/com/swmansion/rnscreens/ScreenViewManager.kt:381:56 'MapBuilder' is deprecated. Deprecated in Java
w: file:///home/expo/workingdir/build/node_modules/react-native-screens/android/src/main/java/com/swmansion/rnscreens/ScreenViewManager.kt:382:57 'MapBuilder' is deprecated. Deprecated in Java
w: file:///home/expo/workingdir/build/node_modules/react-native-screens/android/src/main/java/com/swmansion/rnscreens/ScreenViewManager.kt:383:51 'MapBuilder' is deprecated. Deprecated in Java
w: file:///home/expo/workingdir/build/node_modules/react-native-screens/android/src/main/java/com/swmansion/rnscreens/ScreenWindowTraits.kt:55:42 'replaceSystemWindowInsets(Int, Int, Int, Int): WindowInsetsCompat' is deprecated. Deprecated in Java
w: file:///home/expo/workingdir/build/node_modules/react-native-screens/android/src/main/java/com/swmansion/rnscreens/ScreenWindowTraits.kt:56:39 'getter for systemWindowInsetLeft: Int' is deprecated. Deprecated in Java
w: file:///home/expo/workingdir/build/node_modules/react-native-screens/android/src/main/java/com/swmansion/rnscreens/ScreenWindowTraits.kt:58:39 'getter for systemWindowInsetRight: Int' is deprecated. Deprecated in Java
w: file:///home/expo/workingdir/build/node_modules/react-native-screens/android/src/main/java/com/swmansion/rnscreens/ScreenWindowTraits.kt:59:39 'getter for systemWindowInsetBottom: Int' is deprecated. Deprecated in Java
w: file:///home/expo/workingdir/build/node_modules/react-native-screens/android/src/main/java/com/swmansion/rnscreens/ScreenWindowTraits.kt:98:53 'getter for statusBarColor: Int' is deprecated. Deprecated in Java
w: file:///home/expo/workingdir/build/node_modules/react-native-screens/android/src/main/java/com/swmansion/rnscreens/ScreenWindowTraits.kt:109:48 'getter for statusBarColor: Int' is deprecated. Deprecated in Java
w: file:///home/expo/workingdir/build/node_modules/react-native-screens/android/src/main/java/com/swmansion/rnscreens/ScreenWindowTraits.kt:112:32 'setter for statusBarColor: Int' is deprecated. Deprecated in Java
w: file:///home/expo/workingdir/build/node_modules/react-native-screens/android/src/main/java/com/swmansion/rnscreens/ScreenWindowTraits.kt:208:72 'getter for navigationBarColor: Int' is deprecated. Deprecated in Java
w: file:///home/expo/workingdir/build/node_modules/react-native-screens/android/src/main/java/com/swmansion/rnscreens/ScreenWindowTraits.kt:214:16 'setter for navigationBarColor: Int' is deprecated. Deprecated in Java
w: file:///home/expo/workingdir/build/node_modules/react-native-screens/android/src/main/java/com/swmansion/rnscreens/SearchBarManager.kt:5:34 'MapBuilder' is deprecated. Deprecated in Java
w: file:///home/expo/workingdir/build/node_modules/react-native-screens/android/src/main/java/com/swmansion/rnscreens/SearchBarManager.kt:138:66 Elvis operator (?:) always returns the left operand of non-nullable type Boolean
w: file:///home/expo/workingdir/build/node_modules/react-native-screens/android/src/main/java/com/swmansion/rnscreens/SearchBarManager.kt:142:9 'MapBuilder' is deprecated. Deprecated in Java
w: file:///home/expo/workingdir/build/node_modules/react-native-screens/android/src/main/java/com/swmansion/rnscreens/SearchBarManager.kt:144:13 'MapBuilder' is deprecated. Deprecated in Java
w: file:///home/expo/workingdir/build/node_modules/react-native-screens/android/src/main/java/com/swmansion/rnscreens/SearchBarManager.kt:146:13 'MapBuilder' is deprecated. Deprecated in Java
w: file:///home/expo/workingdir/build/node_modules/react-native-screens/android/src/main/java/com/swmansion/rnscreens/SearchBarManager.kt:148:13 'MapBuilder' is deprecated. Deprecated in Java
w: file:///home/expo/workingdir/build/node_modules/react-native-screens/android/src/main/java/com/swmansion/rnscreens/SearchBarManager.kt:150:13 'MapBuilder' is deprecated. Deprecated in Java
w: file:///home/expo/workingdir/build/node_modules/react-native-screens/android/src/main/java/com/swmansion/rnscreens/SearchBarManager.kt:152:13 'MapBuilder' is deprecated. Deprecated in Java
w: file:///home/expo/workingdir/build/node_modules/react-native-screens/android/src/main/java/com/swmansion/rnscreens/SearchBarManager.kt:154:13 'MapBuilder' is deprecated. Deprecated in Java
w: file:///home/expo/workingdir/build/node_modules/react-native-screens/android/src/main/java/com/swmansion/rnscreens/SearchBarView.kt:153:43 Parameter 'flag' is never used
w: file:///home/expo/workingdir/build/node_modules/react-native-screens/android/src/main/java/com/swmansion/rnscreens/bottomsheet/BottomSheetDialogRootView.kt:7:34 'ReactFeatureFlags' is deprecated. Deprecated in Java
w: file:///home/expo/workingdir/build/node_modules/react-native-screens/android/src/main/java/com/swmansion/rnscreens/bottomsheet/BottomSheetDialogRootView.kt:25:13 'ReactFeatureFlags' is deprecated. Deprecated in Java
> Task :react-native-reanimated:configureCMakeRelWithDebInfo[armeabi-v7a]
> Task :react-native-async-storage_async-storage:mergeReleaseShaders
> Task :react-native-async-storage_async-storage:compileReleaseShaders NO-SOURCE
> Task :react-native-async-storage_async-storage:generateReleaseAssets UP-TO-DATE
> Task :react-native-async-storage_async-storage:packageReleaseAssets
> Task :react-native-async-storage_async-storage:prepareReleaseArtProfile
> Task :react-native-svg:mergeReleaseJniLibFolders
> Task :react-native-svg:mergeReleaseNativeLibs NO-SOURCE
> Task :react-native-svg:stripReleaseDebugSymbols NO-SOURCE
> Task :react-native-svg:copyReleaseJniLibsProjectAndLocalJars
> Task :react-native-svg:extractDeepLinksForAarRelease
> Task :react-native-svg:extractReleaseAnnotations
> Task :react-native-svg:mergeReleaseGeneratedProguardFiles
> Task :react-native-async-storage_async-storage:mergeReleaseJavaResource
> Task :react-native-safe-area-context:mergeReleaseJavaResource
> Task :react-native-svg:mergeReleaseConsumerProguardFiles
> Task :react-native-svg:mergeReleaseShaders
> Task :react-native-async-storage_async-storage:syncReleaseLibJars
> Task :react-native-svg:compileReleaseShaders NO-SOURCE
> Task :react-native-svg:generateReleaseAssets UP-TO-DATE
> Task :react-native-safe-area-context:syncReleaseLibJars
> Task :react-native-svg:packageReleaseAssets
> Task :react-native-safe-area-context:bundleReleaseLocalLintAar
> Task :react-native-async-storage_async-storage:bundleReleaseLocalLintAar
> Task :app:checkReleaseAarMetadata
> Task :react-native-svg:prepareReleaseArtProfile
> Task :react-native-svg:mergeReleaseJavaResource
> Task :app:generateReleaseResValues
> Task :react-native-screens:configureCMakeRelWithDebInfo[armeabi-v7a]
> Task :react-native-svg:syncReleaseLibJars
> Task :react-native-svg:bundleReleaseLocalLintAar
> Task :expo-constants:mergeReleaseJniLibFolders
> Task :expo-constants:mergeReleaseNativeLibs NO-SOURCE
> Task :expo-constants:stripReleaseDebugSymbols NO-SOURCE
> Task :react-native-reanimated:configureCMakeRelWithDebInfo[x86]
> Task :expo-asset:mergeReleaseJniLibFolders
> Task :expo-asset:mergeReleaseNativeLibs NO-SOURCE
> Task :expo-asset:stripReleaseDebugSymbols NO-SOURCE
> Task :expo-constants:copyReleaseJniLibsProjectAndLocalJars
> Task :expo-constants:extractDeepLinksForAarRelease
> Task :expo-asset:copyReleaseJniLibsProjectAndLocalJars
> Task :expo-asset:extractDeepLinksForAarRelease
> Task :expo-constants:mergeReleaseShaders
> Task :expo-constants:compileReleaseShaders NO-SOURCE
> Task :expo-constants:generateReleaseAssets UP-TO-DATE
> Task :expo-asset:mergeReleaseShaders
> Task :expo-asset:compileReleaseShaders NO-SOURCE
> Task :expo-asset:generateReleaseAssets UP-TO-DATE
> Task :expo-asset:packageReleaseAssets
> Task :expo-constants:packageReleaseAssets
> Task :expo-asset:prepareReleaseArtProfile
> Task :expo-constants:prepareReleaseArtProfile
> Task :app:mapReleaseSourceSetPaths
> Task :expo-file-system:mergeReleaseJniLibFolders
> Task :expo-file-system:mergeReleaseNativeLibs NO-SOURCE
> Task :expo-file-system:stripReleaseDebugSymbols NO-SOURCE
> Task :app:generateReleaseResources
> Task :expo-font:mergeReleaseJniLibFolders
> Task :expo-file-system:copyReleaseJniLibsProjectAndLocalJars
> Task :expo-file-system:extractDeepLinksForAarRelease
> Task :expo-font:mergeReleaseNativeLibs NO-SOURCE
> Task :expo-font:stripReleaseDebugSymbols NO-SOURCE
> Task :expo-font:copyReleaseJniLibsProjectAndLocalJars
> Task :expo-font:extractDeepLinksForAarRelease
> Task :expo-file-system:mergeReleaseShaders
> Task :expo-file-system:compileReleaseShaders NO-SOURCE
> Task :expo-file-system:generateReleaseAssets UP-TO-DATE
> Task :expo-font:mergeReleaseShaders
> Task :expo-file-system:packageReleaseAssets
> Task :expo-font:compileReleaseShaders NO-SOURCE
> Task :expo-font:generateReleaseAssets UP-TO-DATE
> Task :expo-file-system:prepareReleaseArtProfile
> Task :expo-font:packageReleaseAssets
> Task :expo-image-loader:mergeReleaseJniLibFolders
> Task :expo-image-loader:mergeReleaseNativeLibs NO-SOURCE
> Task :expo-image-loader:stripReleaseDebugSymbols NO-SOURCE
> Task :expo-font:prepareReleaseArtProfile
> Task :expo-image-loader:copyReleaseJniLibsProjectAndLocalJars
> Task :expo-image-picker:mergeReleaseJniLibFolders
> Task :expo-image-picker:mergeReleaseNativeLibs NO-SOURCE
> Task :expo-image-loader:extractDeepLinksForAarRelease
> Task :expo-image-picker:stripReleaseDebugSymbols NO-SOURCE
> Task :expo-image-picker:copyReleaseJniLibsProjectAndLocalJars
> Task :expo-image-picker:extractDeepLinksForAarRelease
> Task :expo-image-loader:mergeReleaseShaders
> Task :expo-image-loader:compileReleaseShaders NO-SOURCE
> Task :expo-image-loader:generateReleaseAssets UP-TO-DATE
> Task :expo-image-picker:mergeReleaseShaders
> Task :expo-image-picker:compileReleaseShaders NO-SOURCE
> Task :expo-image-picker:generateReleaseAssets UP-TO-DATE
> Task :expo-image-loader:packageReleaseAssets
> Task :expo-image-picker:packageReleaseAssets
> Task :expo-image-picker:prepareReleaseArtProfile
> Task :expo-image-loader:prepareReleaseArtProfile
> Task :expo-keep-awake:mergeReleaseJniLibFolders
> Task :expo-keep-awake:mergeReleaseNativeLibs NO-SOURCE
> Task :expo-linking:mergeReleaseJniLibFolders
> Task :expo-keep-awake:stripReleaseDebugSymbols NO-SOURCE
> Task :expo-linking:mergeReleaseNativeLibs NO-SOURCE
> Task :expo-keep-awake:copyReleaseJniLibsProjectAndLocalJars
> Task :expo-linking:stripReleaseDebugSymbols NO-SOURCE
> Task :expo-keep-awake:extractDeepLinksForAarRelease
> Task :expo-linking:copyReleaseJniLibsProjectAndLocalJars
> Task :expo-linking:extractDeepLinksForAarRelease
> Task :expo-keep-awake:mergeReleaseShaders
> Task :expo-linking:mergeReleaseShaders
> Task :expo-keep-awake:compileReleaseShaders NO-SOURCE
> Task :expo-keep-awake:generateReleaseAssets UP-TO-DATE
> Task :expo-linking:compileReleaseShaders NO-SOURCE
> Task :expo-linking:generateReleaseAssets UP-TO-DATE
> Task :expo-keep-awake:packageReleaseAssets
> Task :expo-linking:packageReleaseAssets
> Task :expo-keep-awake:prepareReleaseArtProfile
> Task :expo-linking:prepareReleaseArtProfile
> Task :expo-asset:writeReleaseLintModelMetadata
> Task :expo-constants:writeReleaseLintModelMetadata
> Task :expo-file-system:writeReleaseLintModelMetadata
> Task :expo-font:writeReleaseLintModelMetadata
> Task :expo-image-loader:writeReleaseLintModelMetadata
> Task :expo-image-picker:writeReleaseLintModelMetadata
> Task :expo-keep-awake:writeReleaseLintModelMetadata
> Task :expo-linking:writeReleaseLintModelMetadata
> Task :expo:writeReleaseLintModelMetadata
> Task :expo-modules-core:compileReleaseKotlin
> Task :react-native-gesture-handler:compileReleaseKotlin
w: file:///home/expo/workingdir/build/node_modules/react-native-gesture-handler/android/src/main/java/com/swmansion/gesturehandler/RNGestureHandlerPackage.kt:69:42 'constructor ReactModuleInfo(String, String, Boolean, Boolean, Boolean, Boolean, Boolean)' is deprecated. use ReactModuleInfo(String, String, boolean, boolean, boolean, boolean)]
w: file:///home/expo/workingdir/build/node_modules/react-native-gesture-handler/android/src/main/java/com/swmansion/gesturehandler/core/FlingGestureHandler.kt:25:26 Parameter 'event' is never used
w: file:///home/expo/workingdir/build/node_modules/react-native-gesture-handler/android/src/main/java/com/swmansion/gesturehandler/react/RNGestureHandlerButtonViewManager.kt:72:62 The corresponding parameter in the supertype 'ViewGroupManager' is named 'borderRadius'. This may cause problems when calling this function with named arguments.
w: file:///home/expo/workingdir/build/node_modules/react-native-gesture-handler/android/src/main/java/com/swmansion/gesturehandler/react/RNGestureHandlerButtonViewManager.kt:77:63 The corresponding parameter in the supertype 'ViewGroupManager' is named 'borderRadius'. This may cause problems when calling this function with named arguments.
w: file:///home/expo/workingdir/build/node_modules/react-native-gesture-handler/android/src/main/java/com/swmansion/gesturehandler/react/RNGestureHandlerButtonViewManager.kt:82:65 The corresponding parameter in the supertype 'ViewGroupManager' is named 'borderRadius'. This may cause problems when calling this function with named arguments.
w: file:///home/expo/workingdir/build/node_modules/react-native-gesture-handler/android/src/main/java/com/swmansion/gesturehandler/react/RNGestureHandlerButtonViewManager.kt:87:66 The corresponding parameter in the supertype 'ViewGroupManager' is named 'borderRadius'. This may cause problems when calling this function with named arguments.
> Task :react-native-reanimated:configureCMakeRelWithDebInfo[x86_64]
> Task :react-native-reanimated:generateJsonModelRelease
> Task :react-native-reanimated:prefabReleaseConfigurePackage
> Task :react-native-gesture-handler:compileReleaseJavaWithJavac
> Task :react-native-gesture-handler:bundleLibCompileToJarRelease
> Task :react-native-gesture-handler:bundleLibRuntimeToJarRelease
> Task :react-native-gesture-handler:processReleaseJavaRes
> Task :react-native-gesture-handler:createFullJarRelease
> Task :expo-av:configureCMakeRelWithDebInfo[arm64-v8a]
> Task :react-native-gesture-handler:generateReleaseLintModel
> Task :react-native-screens:compileReleaseJavaWithJavac
> Task :react-native-screens:bundleLibCompileToJarRelease
> Task :react-native-screens:bundleLibRuntimeToJarRelease
> Task :react-native-screens:processReleaseJavaRes
> Task :react-native-screens:createFullJarRelease
> Task :react-native-screens:generateReleaseLintModel
> Task :expo-modules-core:configureCMakeRelWithDebInfo[arm64-v8a]
> Task :app:mergeReleaseResources
> Task :app:packageReleaseResources
> Task :app:parseReleaseLocalResources
> Task :app:createReleaseCompatibleScreenManifests
> Task :app:extractDeepLinksRelease
> Task :app:processReleaseMainManifest
/home/expo/workingdir/build/android/app/src/main/AndroidManifest.xml Warning:
	provider#expo.modules.filesystem.FileSystemFileProvider@android:authorities was tagged at AndroidManifest.xml:0 to replace other declarations but no other declaration present
> Task :app:processReleaseManifest
> Task :expo-av:buildCMakeRelWithDebInfo[arm64-v8a]
> Task :app:processReleaseManifestForPackage
> Task :expo-av:configureCMakeRelWithDebInfo[armeabi-v7a]
> Task :react-native-screens:buildCMakeRelWithDebInfo[armeabi-v7a]
> Task :app:buildKotlinToolingMetadata
> Task :app:javaPreCompileRelease
> Task :app:extractProguardFiles
> Task :app:processReleaseResources
> Task :react-native-async-storage_async-storage:writeReleaseLintModelMetadata
> Task :react-native-screens:configureCMakeRelWithDebInfo[x86]
> Task :expo-av:buildCMakeRelWithDebInfo[armeabi-v7a]
> Task :expo-av:configureCMakeRelWithDebInfo[x86]
> Task :react-native-async-storage_async-storage:lintVitalAnalyzeRelease
> Task :react-native-reanimated:buildCMakeRelWithDebInfo[arm64-v8a]
> Task :react-native-gesture-handler:configureCMakeRelWithDebInfo[arm64-v8a]
> Task :expo-modules-core:buildCMakeRelWithDebInfo[arm64-v8a]
> Task :expo-av:buildCMakeRelWithDebInfo[x86]
> Task :react-native-screens:buildCMakeRelWithDebInfo[x86]
> Task :expo-av:configureCMakeRelWithDebInfo[x86_64]
> Task :react-native-safe-area-context:writeReleaseLintModelMetadata
> Task :react-native-screens:configureCMakeRelWithDebInfo[x86_64]
> Task :react-native-safe-area-context:lintVitalAnalyzeRelease
> Task :react-native-svg:writeReleaseLintModelMetadata
> Task :react-native-async-storage_async-storage:generateReleaseLintVitalModel
> Task :react-native-safe-area-context:generateReleaseLintVitalModel
> Task :react-native-svg:generateReleaseLintVitalModel
> Task :expo-av:buildCMakeRelWithDebInfo[x86_64]
> Task :expo-av:mergeReleaseJniLibFolders
> Task :expo-av:mergeReleaseNativeLibs
> Task :expo-av:stripReleaseDebugSymbols
> Task :expo-av:copyReleaseJniLibsProjectAndLocalJars
> Task :expo-av:extractDeepLinksForAarRelease
> Task :expo-av:mergeReleaseShaders
> Task :expo-av:compileReleaseShaders NO-SOURCE
> Task :expo-av:generateReleaseAssets UP-TO-DATE
> Task :expo-av:packageReleaseAssets
> Task :expo-av:prepareReleaseArtProfile
> Task :expo-av:writeReleaseLintModelMetadata
> Task :expo:copyReleaseJniLibsProjectOnly
> Task :expo-asset:copyReleaseJniLibsProjectOnly
> Task :expo-av:copyReleaseJniLibsProjectOnly
> Task :expo-constants:copyReleaseJniLibsProjectOnly
> Task :expo-file-system:copyReleaseJniLibsProjectOnly
> Task :expo-font:copyReleaseJniLibsProjectOnly
> Task :expo-image-loader:copyReleaseJniLibsProjectOnly
> Task :expo-image-picker:copyReleaseJniLibsProjectOnly
> Task :expo-keep-awake:copyReleaseJniLibsProjectOnly
> Task :expo-linking:copyReleaseJniLibsProjectOnly
> Task :react-native-async-storage_async-storage:copyReleaseJniLibsProjectOnly
> Task :react-native-safe-area-context:copyReleaseJniLibsProjectOnly
> Task :react-native-svg:copyReleaseJniLibsProjectOnly
> Task :react-native-safe-area-context:bundleLibRuntimeToDirRelease
> Task :react-native-async-storage_async-storage:bundleLibRuntimeToDirRelease
> Task :react-native-screens:buildCMakeRelWithDebInfo[x86_64]
> Task :react-native-screens:mergeReleaseJniLibFolders
> Task :react-native-svg:lintVitalAnalyzeRelease
> Task :react-native-screens:extractDeepLinksForAarRelease
> Task :react-native-screens:extractReleaseAnnotations
> Task :react-native-screens:mergeReleaseGeneratedProguardFiles
> Task :react-native-screens:mergeReleaseConsumerProguardFiles
> Task :react-native-screens:mergeReleaseShaders
> Task :react-native-screens:compileReleaseShaders NO-SOURCE
> Task :react-native-screens:generateReleaseAssets UP-TO-DATE
> Task :react-native-screens:packageReleaseAssets
> Task :react-native-screens:prepareReleaseArtProfile
> Task :react-native-screens:mergeReleaseJavaResource
> Task :react-native-screens:syncReleaseLibJars
> Task :react-native-screens:writeReleaseLintModelMetadata
> Task :react-native-screens:generateReleaseLintVitalModel
> Task :react-native-screens:bundleLibRuntimeToDirRelease
> Task :expo-modules-core:configureCMakeRelWithDebInfo[armeabi-v7a]
> Task :react-native-svg:bundleLibRuntimeToDirRelease
> Task :react-native-screens:mergeReleaseNativeLibs
> Task :react-native-screens:stripReleaseDebugSymbols
> Task :app:configureCMakeRelWithDebInfo[arm64-v8a]
> Task :react-native-gesture-handler:configureCMakeRelWithDebInfo[armeabi-v7a]
> Task :react-native-screens:copyReleaseJniLibsProjectAndLocalJars
> Task :app:configureCMakeRelWithDebInfo[armeabi-v7a]
> Task :react-native-screens:bundleReleaseLocalLintAar
> Task :react-native-gesture-handler:configureCMakeRelWithDebInfo[x86]
> Task :expo-modules-core:compileReleaseJavaWithJavac
> Task :app:configureCMakeRelWithDebInfo[x86]
> Task :expo-modules-core:bundleLibCompileToJarRelease
> Task :expo-modules-core:bundleLibRuntimeToJarRelease
> Task :react-native-gesture-handler:configureCMakeRelWithDebInfo[x86_64]
> Task :expo-asset:compileReleaseKotlin
> Task :react-native-screens:copyReleaseJniLibsProjectOnly
> Task :expo-constants:compileReleaseKotlin
> Task :expo-asset:compileReleaseJavaWithJavac
> Task :expo-asset:bundleLibCompileToJarRelease
> Task :expo-constants:compileReleaseJavaWithJavac
> Task :expo-constants:bundleLibCompileToJarRelease
> Task :expo-font:compileReleaseKotlin
> Task :expo-image-loader:compileReleaseKotlin
> Task :expo-keep-awake:compileReleaseKotlin
> Task :expo-font:compileReleaseJavaWithJavac
> Task :expo-font:bundleLibCompileToJarRelease
> Task :expo-keep-awake:compileReleaseJavaWithJavac
> Task :expo-keep-awake:bundleLibCompileToJarRelease
> Task :expo-asset:bundleLibRuntimeToJarRelease
> Task :expo-asset:processReleaseJavaRes
> Task :expo-asset:createFullJarRelease
> Task :expo-modules-core:processReleaseJavaRes
> Task :expo-image-loader:compileReleaseJavaWithJavac
> Task :expo-image-loader:bundleLibCompileToJarRelease
> Task :expo-constants:bundleLibRuntimeToJarRelease
> Task :expo-constants:processReleaseJavaRes
> Task :expo-constants:createFullJarRelease
> Task :expo-font:bundleLibRuntimeToJarRelease
> Task :expo-font:processReleaseJavaRes
> Task :expo-modules-core:createFullJarRelease
> Task :expo-font:createFullJarRelease
> Task :expo-image-loader:bundleLibRuntimeToJarRelease
> Task :expo-image-loader:processReleaseJavaRes
> Task :expo-image-loader:createFullJarRelease
> Task :expo-keep-awake:bundleLibRuntimeToJarRelease
> Task :expo-keep-awake:processReleaseJavaRes
> Task :expo-keep-awake:createFullJarRelease
> Task :react-native-gesture-handler:extractReleaseAnnotations
> Task :react-native-gesture-handler:mergeReleaseGeneratedProguardFiles
> Task :react-native-gesture-handler:mergeReleaseConsumerProguardFiles
> Task :react-native-gesture-handler:mergeReleaseJavaResource
> Task :react-native-gesture-handler:syncReleaseLibJars
> Task :expo-asset:extractReleaseAnnotations
> Task :expo-asset:mergeReleaseGeneratedProguardFiles
> Task :expo-asset:mergeReleaseConsumerProguardFiles
> Task :expo-asset:mergeReleaseJavaResource
> Task :expo-asset:syncReleaseLibJars
> Task :expo-asset:bundleReleaseLocalLintAar
> Task :expo-constants:extractReleaseAnnotations
> Task :expo-constants:mergeReleaseGeneratedProguardFiles
> Task :expo-constants:mergeReleaseConsumerProguardFiles
> Task :expo-constants:mergeReleaseJavaResource
> Task :expo-constants:syncReleaseLibJars
> Task :expo-constants:bundleReleaseLocalLintAar
> Task :expo-font:extractReleaseAnnotations
> Task :expo-font:mergeReleaseGeneratedProguardFiles
> Task :expo-font:mergeReleaseConsumerProguardFiles
> Task :expo-font:mergeReleaseJavaResource
> Task :expo-font:syncReleaseLibJars
> Task :expo-font:bundleReleaseLocalLintAar
> Task :expo-image-loader:extractReleaseAnnotations
> Task :expo-image-loader:mergeReleaseGeneratedProguardFiles
> Task :expo-image-loader:mergeReleaseConsumerProguardFiles
> Task :expo-image-loader:mergeReleaseJavaResource
> Task :expo-image-loader:syncReleaseLibJars
> Task :expo-image-loader:bundleReleaseLocalLintAar
> Task :expo-keep-awake:extractReleaseAnnotations
> Task :expo-keep-awake:mergeReleaseGeneratedProguardFiles
> Task :expo-keep-awake:mergeReleaseConsumerProguardFiles
> Task :expo-keep-awake:mergeReleaseJavaResource
> Task :expo-keep-awake:syncReleaseLibJars
> Task :expo-keep-awake:bundleReleaseLocalLintAar
> Task :expo-linking:compileReleaseKotlin
> Task :react-native-gesture-handler:writeReleaseLintModelMetadata
> Task :react-native-gesture-handler:generateReleaseLintVitalModel
> Task :expo-linking:compileReleaseJavaWithJavac
> Task :expo-linking:bundleLibCompileToJarRelease
> Task :expo-linking:bundleLibRuntimeToJarRelease
> Task :expo-linking:processReleaseJavaRes
> Task :expo-linking:createFullJarRelease
> Task :expo-linking:extractReleaseAnnotations
> Task :expo-linking:mergeReleaseGeneratedProguardFiles
> Task :expo-linking:mergeReleaseConsumerProguardFiles
> Task :expo-linking:mergeReleaseJavaResource
> Task :expo-linking:syncReleaseLibJars
> Task :expo-linking:bundleReleaseLocalLintAar
> Task :react-native-gesture-handler:bundleLibRuntimeToDirRelease
> Task :app:configureCMakeRelWithDebInfo[x86_64]
> Task :app:mergeReleaseJniLibFolders
> Task :expo-asset:bundleLibRuntimeToDirRelease
> Task :expo-av:compileReleaseKotlin
w: file:///home/expo/workingdir/build/node_modules/expo-av/android/src/main/java/expo/modules/av/ViewUtils.kt:10:26 'Promise' is deprecated. AsyncFunction will crash when called. Use expo.modules.kotlin.Promise instead
w: file:///home/expo/workingdir/build/node_modules/expo-av/android/src/main/java/expo/modules/av/ViewUtils.kt:19:129 'Promise' is deprecated. AsyncFunction will crash when called. Use expo.modules.kotlin.Promise instead
w: file:///home/expo/workingdir/build/node_modules/expo-av/android/src/main/java/expo/modules/av/ViewUtils.kt:21:78 'resolveView(Int): View?' is deprecated. Deprecated in Java
w: file:///home/expo/workingdir/build/node_modules/expo-av/android/src/main/java/expo/modules/av/ViewUtils.kt:39:111 'Promise' is deprecated. AsyncFunction will crash when called. Use expo.modules.kotlin.Promise instead
w: file:///home/expo/workingdir/build/node_modules/expo-av/android/src/main/java/expo/modules/av/ViewUtils.kt:52:78 'resolveView(Int): View?' is deprecated. Deprecated in Java
w: file:///home/expo/workingdir/build/node_modules/expo-av/android/src/main/java/expo/modules/av/player/datasource/CustomHeadersOkHttpDataSourceFactory.kt:32:12 'constructor OkHttpDataSource(Call.Factory, String?, CacheControl?, HttpDataSource.RequestProperties?)' is deprecated. Deprecated in Java
w: file:///home/expo/workingdir/build/node_modules/expo-av/android/src/main/java/expo/modules/av/progress/AndroidLooperTimeMachine.kt:8:5 'constructor Handler()' is deprecated. Deprecated in Java
w: file:///home/expo/workingdir/build/node_modules/expo-av/android/src/main/java/expo/modules/av/video/VideoViewModule.kt:64:17 'tryRunWithVideoView(ModuleRegistry, Int, ViewUtils.VideoViewCallback, Promise): Unit' is deprecated. Use `dispatchCommands` in favor of finding view with imperative calls
> Task :expo-modules-core:generateReleaseLintModel
> Task :expo-asset:generateReleaseLintModel
> Task :expo-constants:generateReleaseLintModel
> Task :expo-font:generateReleaseLintModel
> Task :expo-keep-awake:generateReleaseLintModel
> Task :expo-linking:generateReleaseLintModel
> Task :expo-image-loader:generateReleaseLintModel
> Task :expo-asset:generateReleaseLintVitalModel
> Task :expo-constants:generateReleaseLintVitalModel
> Task :expo-font:generateReleaseLintVitalModel
> Task :expo-image-loader:generateReleaseLintVitalModel
> Task :expo-keep-awake:generateReleaseLintVitalModel
> Task :expo-linking:generateReleaseLintVitalModel
> Task :expo-constants:bundleLibRuntimeToDirRelease
> Task :expo-font:bundleLibRuntimeToDirRelease
> Task :expo-image-loader:bundleLibRuntimeToDirRelease
> Task :expo-keep-awake:bundleLibRuntimeToDirRelease
> Task :expo-linking:bundleLibRuntimeToDirRelease
> Task :expo-av:compileReleaseJavaWithJavac
Note: Some input files use or override a deprecated API.
Note: Recompile with -Xlint:deprecation for details.
Note: Some input files use unchecked or unsafe operations.
Note: Recompile with -Xlint:unchecked for details.
> Task :expo-image-picker:compileReleaseKotlin
w: file:///home/expo/workingdir/build/node_modules/expo-image-picker/android/src/main/java/expo/modules/imagepicker/ImagePickerConstants.kt:123:23 'TAG_ISO_SPEED_RATINGS: String' is deprecated. Deprecated in Java
> Task :app:desugarReleaseFileDependencies
> Task :app:mergeReleaseStartupProfile
> Task :app:checkReleaseDuplicateClasses
> Task :expo-file-system:compileReleaseKotlin
> Task :expo-av:bundleLibCompileToJarRelease
> Task :expo-av:processReleaseJavaRes
> Task :expo-av:bundleLibRuntimeToJarRelease
> Task :react-native-screens:lintVitalAnalyzeRelease
> Task :react-native-reanimated:buildCMakeRelWithDebInfo[armeabi-v7a]
> Task :expo-modules-core:buildCMakeRelWithDebInfo[armeabi-v7a]
> Task :expo-image-picker:compileReleaseJavaWithJavac
> Task :app:mergeExtDexRelease
> Task :expo-file-system:compileReleaseJavaWithJavac
> Task :expo-av:generateReleaseLintModel
> Task :expo-modules-core:configureCMakeRelWithDebInfo[x86]
> Task :react-native-reanimated:buildCMakeRelWithDebInfo[x86]
> Task :expo-file-system:bundleLibRuntimeToJarRelease
> Task :expo-file-system:processReleaseJavaRes
> Task :expo-file-system:createFullJarRelease
> Task :expo-file-system:bundleLibCompileToJarRelease
> Task :expo-image-picker:processReleaseJavaRes
> Task :expo-image-picker:bundleLibCompileToJarRelease
> Task :expo-image-picker:generateReleaseLintModel
> Task :expo-image-picker:extractReleaseAnnotations
> Task :expo-image-picker:mergeReleaseGeneratedProguardFiles
> Task :expo-image-picker:mergeReleaseConsumerProguardFiles
> Task :expo-image-picker:mergeReleaseJavaResource
> Task :expo-image-picker:syncReleaseLibJars
> Task :expo-image-picker:bundleReleaseLocalLintAar
> Task :expo-image-picker:generateReleaseLintVitalModel
> Task :expo-image-picker:bundleLibRuntimeToDirRelease
> Task :expo-file-system:generateReleaseLintModel
> Task :expo-file-system:extractReleaseAnnotations
> Task :expo-file-system:mergeReleaseGeneratedProguardFiles
> Task :expo-file-system:mergeReleaseConsumerProguardFiles
> Task :expo-file-system:mergeReleaseJavaResource
> Task :expo-file-system:syncReleaseLibJars
> Task :expo-file-system:bundleReleaseLocalLintAar
> Task :expo-file-system:generateReleaseLintVitalModel
> Task :expo-image-picker:bundleLibRuntimeToJarRelease
> Task :expo-image-picker:createFullJarRelease
> Task :expo-file-system:bundleLibRuntimeToDirRelease
> Task :expo-av:createFullJarRelease
> Task :expo-av:extractReleaseAnnotations
> Task :expo-av:mergeReleaseGeneratedProguardFiles
> Task :expo-av:mergeReleaseConsumerProguardFiles
> Task :expo-av:generateReleaseLintVitalModel
> Task :expo-av:mergeReleaseJavaResource
> Task :expo-av:syncReleaseLibJars
> Task :expo-av:bundleReleaseLocalLintAar
> Task :expo-av:bundleLibRuntimeToDirRelease
> Task :expo-modules-core:buildCMakeRelWithDebInfo[x86]
> Task :expo:compileReleaseKotlin
w: file:///home/expo/workingdir/build/node_modules/expo/android/src/main/java/expo/modules/ReactActivityDelegateWrapper.kt:163:34 'constructor ReactDelegate(Activity!, ReactNativeHost!, String?, Bundle?)' is deprecated. Deprecated in Java
w: file:///home/expo/workingdir/build/node_modules/expo/android/src/main/java/expo/modules/fetch/NativeResponse.kt:40:16 This declaration overrides deprecated member but not marked as deprecated itself. Please add @Deprecated annotation or suppress. See https://youtrack.jetbrains.com/issue/KT-47902 for details
w: file:///home/expo/workingdir/build/node_modules/expo/android/src/main/java/expo/modules/fetch/NativeResponse.kt:42:11 'deallocate(): Unit' is deprecated. Use sharedObjectDidRelease() instead.
> Task :expo:compileReleaseJavaWithJavac
> Task :expo:bundleLibCompileToJarRelease
> Task :expo:bundleLibRuntimeToJarRelease
> Task :expo:processReleaseJavaRes
> Task :expo:createFullJarRelease
> Task :expo:generateReleaseLintModel
> Task :expo:extractReleaseAnnotations
> Task :expo:mergeReleaseGeneratedProguardFiles
> Task :expo:mergeReleaseConsumerProguardFiles
> Task :expo:mergeReleaseJavaResource
> Task :expo:generateReleaseLintVitalModel
> Task :expo:syncReleaseLibJars
> Task :expo:bundleReleaseLocalLintAar
> Task :expo:bundleLibRuntimeToDirRelease
> Task :app:mergeReleaseShaders
> Task :app:compileReleaseShaders NO-SOURCE
> Task :app:generateReleaseAssets UP-TO-DATE
> Task :app:extractReleaseVersionControlInfo
> Task :app:collectReleaseDependencies
> Task :app:sdkReleaseDependencyData
> Task :app:validateSigningRelease
> Task :app:writeReleaseAppMetadata
> Task :app:writeReleaseSigningConfigVersions
> Task :app:optimizeReleaseResources
> Task :app:compileReleaseKotlin
> Task :app:compileReleaseJavaWithJavac
> Task :app:generateReleaseLintVitalReportModel
> Task :expo-modules-core:configureCMakeRelWithDebInfo[x86_64]
> Task :app:dexBuilderRelease
> Task :app:mergeReleaseGlobalSynthetics
> Task :app:processReleaseJavaRes
> Task :app:mergeReleaseJavaResource
> Task :react-native-reanimated:buildCMakeRelWithDebInfo[x86_64]
> Task :react-native-reanimated:externalNativeBuildRelease
> Task :react-native-reanimated:prefabReleasePackage
> Task :react-native-reanimated:mergeReleaseJniLibFolders
> Task :react-native-reanimated:extractDeepLinksForAarRelease
> Task :react-native-reanimated:extractReleaseAnnotations
> Task :react-native-reanimated:mergeReleaseGeneratedProguardFiles
> Task :react-native-reanimated:mergeReleaseConsumerProguardFiles
> Task :react-native-reanimated:mergeReleaseShaders
> Task :react-native-reanimated:compileReleaseShaders NO-SOURCE
> Task :react-native-reanimated:generateReleaseAssets UP-TO-DATE
> Task :react-native-reanimated:packageReleaseAssets
> Task :react-native-reanimated:prepareReleaseArtProfile
> Task :react-native-reanimated:mergeReleaseJavaResource
> Task :react-native-reanimated:syncReleaseLibJars
> Task :react-native-reanimated:writeReleaseLintModelMetadata
> Task :react-native-reanimated:generateReleaseLintVitalModel
> Task :react-native-reanimated:bundleLibRuntimeToDirRelease
> Task :react-native-reanimated:mergeReleaseNativeLibs
> Task :react-native-reanimated:stripReleaseDebugSymbols
> Task :react-native-reanimated:copyReleaseJniLibsProjectAndLocalJars
> Task :react-native-reanimated:copyReleaseJniLibsProjectOnly
> Task :react-native-reanimated:bundleReleaseLocalLintAar
> Task :expo-modules-core:buildCMakeRelWithDebInfo[x86_64]
> Task :expo-modules-core:mergeReleaseJniLibFolders
> Task :expo-modules-core:extractDeepLinksForAarRelease
> Task :expo-modules-core:extractReleaseAnnotations
> Task :expo-modules-core:mergeReleaseGeneratedProguardFiles
> Task :expo-modules-core:mergeReleaseConsumerProguardFiles
> Task :expo-modules-core:mergeReleaseShaders
> Task :expo-modules-core:compileReleaseShaders NO-SOURCE
> Task :expo-modules-core:generateReleaseAssets UP-TO-DATE
> Task :expo-modules-core:packageReleaseAssets
> Task :expo-modules-core:prepareReleaseArtProfile
> Task :expo-modules-core:writeReleaseLintModelMetadata
> Task :expo-modules-core:mergeReleaseJavaResource
> Task :expo-modules-core:mergeReleaseNativeLibs
> Task :expo-modules-core:syncReleaseLibJars
> Task :expo-modules-core:generateReleaseLintVitalModel
> Task :expo-modules-core:stripReleaseDebugSymbols
> Task :react-native-gesture-handler:buildCMakeRelWithDebInfo[arm64-v8a]
> Task :expo-modules-core:copyReleaseJniLibsProjectAndLocalJars
> Task :expo-modules-core:bundleReleaseLocalLintAar
> Task :expo-modules-core:copyReleaseJniLibsProjectOnly
> Task :expo-modules-core:bundleLibRuntimeToDirRelease
> Task :react-native-reanimated:lintVitalAnalyzeRelease
> Task :expo-asset:lintVitalAnalyzeRelease
> Task :expo-constants:lintVitalAnalyzeRelease
> Task :react-native-gesture-handler:buildCMakeRelWithDebInfo[armeabi-v7a]
> Task :expo-font:lintVitalAnalyzeRelease
> Task :expo-image-loader:lintVitalAnalyzeRelease
> Task :expo-av:lintVitalAnalyzeRelease
> Task :expo-keep-awake:lintVitalAnalyzeRelease
> Task :expo-linking:lintVitalAnalyzeRelease
> Task :react-native-gesture-handler:buildCMakeRelWithDebInfo[x86]
> Task :app:buildCMakeRelWithDebInfo[arm64-v8a]
C/C++: ninja: Entering directory `/home/expo/workingdir/build/android/app/.cxx/RelWithDebInfo/1c352s72/arm64-v8a'
C/C++: /home/expo/workingdir/build/node_modules/react-native-safe-area-context/android/build/generated/source/codegen/jni/react/renderer/components/safeareacontext/EventEmitters.cpp:16:69: warning: '$' in identifier [-Wdollar-in-identifier-extension]
C/C++: void RNCSafeAreaProviderEventEmitter::onInsetsChange(OnInsetsChange $event) const {
C/C++:                                                                     ^
C/C++: /home/expo/workingdir/build/node_modules/react-native-safe-area-context/android/build/generated/source/codegen/jni/react/renderer/components/safeareacontext/EventEmitters.cpp:17:34: warning: '$' in identifier [-Wdollar-in-identifier-extension]
C/C++:   dispatchEvent("insetsChange", [$event=std::move($event)](jsi::Runtime &runtime) {
C/C++:                                  ^
C/C++: /home/expo/workingdir/build/node_modules/react-native-safe-area-context/android/build/generated/source/codegen/jni/react/renderer/components/safeareacontext/EventEmitters.cpp:17:51: warning: '$' in identifier [-Wdollar-in-identifier-extension]
C/C++:   dispatchEvent("insetsChange", [$event=std::move($event)](jsi::Runtime &runtime) {
C/C++:                                                   ^
C/C++: /home/expo/workingdir/build/node_modules/react-native-safe-area-context/android/build/generated/source/codegen/jni/react/renderer/components/safeareacontext/EventEmitters.cpp:18:10: warning: '$' in identifier [-Wdollar-in-identifier-extension]
C/C++:     auto $payload = jsi::Object(runtime);
C/C++:          ^
C/C++: /home/expo/workingdir/build/node_modules/react-native-safe-area-context/android/build/generated/source/codegen/jni/react/renderer/components/safeareacontext/EventEmitters.cpp:21:38: warning: '$' in identifier [-Wdollar-in-identifier-extension]
C/C++:   insets.setProperty(runtime, "top", $event.insets.top);
C/C++:                                      ^
C/C++: /home/expo/workingdir/build/node_modules/react-native-safe-area-context/android/build/generated/source/codegen/jni/react/renderer/components/safeareacontext/EventEmitters.cpp:22:40: warning: '$' in identifier [-Wdollar-in-identifier-extension]
C/C++:   insets.setProperty(runtime, "right", $event.insets.right);
C/C++:                                        ^
C/C++: /home/expo/workingdir/build/node_modules/react-native-safe-area-context/android/build/generated/source/codegen/jni/react/renderer/components/safeareacontext/EventEmitters.cpp:23:41: warning: '$' in identifier [-Wdollar-in-identifier-extension]
C/C++:   insets.setProperty(runtime, "bottom", $event.insets.bottom);
C/C++:                                         ^
C/C++: /home/expo/workingdir/build/node_modules/react-native-safe-area-context/android/build/generated/source/codegen/jni/react/renderer/components/safeareacontext/EventEmitters.cpp:24:39: warning: '$' in identifier [-Wdollar-in-identifier-extension]
C/C++:   insets.setProperty(runtime, "left", $event.insets.left);
C/C++:                                       ^
C/C++: /home/expo/workingdir/build/node_modules/react-native-safe-area-context/android/build/generated/source/codegen/jni/react/renderer/components/safeareacontext/EventEmitters.cpp:25:3: warning: '$' in identifier [-Wdollar-in-identifier-extension]
C/C++:   $payload.setProperty(runtime, "insets", insets);
C/C++:   ^
C/C++: /home/expo/workingdir/build/node_modules/react-native-safe-area-context/android/build/generated/source/codegen/jni/react/renderer/components/safeareacontext/EventEmitters.cpp:29:35: warning: '$' in identifier [-Wdollar-in-identifier-extension]
C/C++:   frame.setProperty(runtime, "x", $event.frame.x);
C/C++:                                   ^
C/C++: /home/expo/workingdir/build/node_modules/react-native-safe-area-context/android/build/generated/source/codegen/jni/react/renderer/components/safeareacontext/EventEmitters.cpp:30:35: warning: '$' in identifier [-Wdollar-in-identifier-extension]
C/C++:   frame.setProperty(runtime, "y", $event.frame.y);
C/C++:                                   ^
C/C++: /home/expo/workingdir/build/node_modules/react-native-safe-area-context/android/build/generated/source/codegen/jni/react/renderer/components/safeareacontext/EventEmitters.cpp:31:39: warning: '$' in identifier [-Wdollar-in-identifier-extension]
C/C++:   frame.setProperty(runtime, "width", $event.frame.width);
C/C++:                                       ^
C/C++: /home/expo/workingdir/build/node_modules/react-native-safe-area-context/android/build/generated/source/codegen/jni/react/renderer/components/safeareacontext/EventEmitters.cpp:32:40: warning: '$' in identifier [-Wdollar-in-identifier-extension]
C/C++:   frame.setProperty(runtime, "height", $event.frame.height);
C/C++:                                        ^
C/C++: /home/expo/workingdir/build/node_modules/react-native-safe-area-context/android/build/generated/source/codegen/jni/react/renderer/components/safeareacontext/EventEmitters.cpp:33:3: warning: '$' in identifier [-Wdollar-in-identifier-extension]
C/C++:   $payload.setProperty(runtime, "frame", frame);
C/C++:   ^
C/C++: /home/expo/workingdir/build/node_modules/react-native-safe-area-context/android/build/generated/source/codegen/jni/react/renderer/components/safeareacontext/EventEmitters.cpp:35:12: warning: '$' in identifier [-Wdollar-in-identifier-extension]
C/C++:     return $payload;
C/C++:            ^
C/C++: 15 warnings generated.
> Task :expo:lintVitalAnalyzeRelease
> Task :react-native-gesture-handler:buildCMakeRelWithDebInfo[x86_64]
> Task :react-native-gesture-handler:mergeReleaseNativeLibs
> Task :react-native-gesture-handler:copyReleaseJniLibsProjectOnly
> Task :react-native-gesture-handler:stripReleaseDebugSymbols
> Task :react-native-gesture-handler:copyReleaseJniLibsProjectAndLocalJars
> Task :react-native-gesture-handler:bundleReleaseLocalLintAar
> Task :expo-file-system:lintVitalAnalyzeRelease
> Task :expo-image-picker:lintVitalAnalyzeRelease
> Task :expo-modules-core:lintVitalAnalyzeRelease
> Task :react-native-gesture-handler:lintVitalAnalyzeRelease
> Task :app:buildCMakeRelWithDebInfo[arm64-v8a]
C/C++: /home/expo/workingdir/build/node_modules/react-native-screens/android/build/generated/source/codegen/jni/react/renderer/components/rnscreens/EventEmitters.cpp:17:52: warning: '$' in identifier [-Wdollar-in-identifier-extension]
C/C++: void RNSModalScreenEventEmitter::onAppear(OnAppear $event) const {
C/C++:                                                    ^
C/C++: /home/expo/workingdir/build/node_modules/react-native-screens/android/build/generated/source/codegen/jni/react/renderer/components/rnscreens/EventEmitters.cpp:19:10: warning: '$' in identifier [-Wdollar-in-identifier-extension]
C/C++:     auto $payload = jsi::Object(runtime);
C/C++:          ^
C/C++: /home/expo/workingdir/build/node_modules/react-native-screens/android/build/generated/source/codegen/jni/react/renderer/components/rnscreens/EventEmitters.cpp:21:12: warning: '$' in identifier [-Wdollar-in-identifier-extension]
C/C++:     return $payload;
C/C++:            ^
C/C++: /home/expo/workingdir/build/node_modules/react-native-screens/android/build/generated/source/codegen/jni/react/renderer/components/rnscreens/EventEmitters.cpp:26:58: warning: '$' in identifier [-Wdollar-in-identifier-extension]
C/C++: void RNSModalScreenEventEmitter::onDisappear(OnDisappear $event) const {
C/C++:                                                          ^
C/C++: /home/expo/workingdir/build/node_modules/react-native-screens/android/build/generated/source/codegen/jni/react/renderer/components/rnscreens/EventEmitters.cpp:28:10: warning: '$' in identifier [-Wdollar-in-identifier-extension]
C/C++:     auto $payload = jsi::Object(runtime);
C/C++:          ^
C/C++: /home/expo/workingdir/build/node_modules/react-native-screens/android/build/generated/source/codegen/jni/react/renderer/components/rnscreens/EventEmitters.cpp:30:12: warning: '$' in identifier [-Wdollar-in-identifier-extension]
C/C++:     return $payload;
C/C++:            ^
C/C++: /home/expo/workingdir/build/node_modules/react-native-screens/android/build/generated/source/codegen/jni/react/renderer/components/rnscreens/EventEmitters.cpp:35:58: warning: '$' in identifier [-Wdollar-in-identifier-extension]
C/C++: void RNSModalScreenEventEmitter::onDismissed(OnDismissed $event) const {
C/C++:                                                          ^
C/C++: /home/expo/workingdir/build/node_modules/react-native-screens/android/build/generated/source/codegen/jni/react/renderer/components/rnscreens/EventEmitters.cpp:36:31: warning: '$' in identifier [-Wdollar-in-identifier-extension]
C/C++:   dispatchEvent("dismissed", [$event=std::move($event)](jsi::Runtime &runtime) {
C/C++:                               ^
C/C++: /home/expo/workingdir/build/node_modules/react-native-screens/android/build/generated/source/codegen/jni/react/renderer/components/rnscreens/EventEmitters.cpp:36:48: warning: '$' in identifier [-Wdollar-in-identifier-extension]
C/C++:   dispatchEvent("dismissed", [$event=std::move($event)](jsi::Runtime &runtime) {
C/C++:                                                ^
C/C++: /home/expo/workingdir/build/node_modules/react-native-screens/android/build/generated/source/codegen/jni/react/renderer/components/rnscreens/EventEmitters.cpp:37:10: warning: '$' in identifier [-Wdollar-in-identifier-extension]
C/C++:     auto $payload = jsi::Object(runtime);
C/C++:          ^
C/C++: /home/expo/workingdir/build/node_modules/react-native-screens/android/build/generated/source/codegen/jni/react/renderer/components/rnscreens/EventEmitters.cpp:38:5: warning: '$' in identifier [-Wdollar-in-identifier-extension]
C/C++:     $payload.setProperty(runtime, "dismissCount", $event.dismissCount);
C/C++:     ^
C/C++: /home/expo/workingdir/build/node_modules/react-native-screens/android/build/generated/source/codegen/jni/react/renderer/components/rnscreens/EventEmitters.cpp:38:51: warning: '$' in identifier [-Wdollar-in-identifier-extension]
C/C++:     $payload.setProperty(runtime, "dismissCount", $event.dismissCount);
C/C++:                                                   ^
C/C++: /home/expo/workingdir/build/node_modules/react-native-screens/android/build/generated/source/codegen/jni/react/renderer/components/rnscreens/EventEmitters.cpp:39:12: warning: '$' in identifier [-Wdollar-in-identifier-extension]
C/C++:     return $payload;
C/C++:            ^
C/C++: /home/expo/workingdir/build/node_modules/react-native-screens/android/build/generated/source/codegen/jni/react/renderer/components/rnscreens/EventEmitters.cpp:44:84: warning: '$' in identifier [-Wdollar-in-identifier-extension]
C/C++: void RNSModalScreenEventEmitter::onNativeDismissCancelled(OnNativeDismissCancelled $event) const {
C/C++:                                                                                    ^
C/C++: /home/expo/workingdir/build/node_modules/react-native-screens/android/build/generated/source/codegen/jni/react/renderer/components/rnscreens/EventEmitters.cpp:45:44: warning: '$' in identifier [-Wdollar-in-identifier-extension]
C/C++:   dispatchEvent("nativeDismissCancelled", [$event=std::move($event)](jsi::Runtime &runtime) {
C/C++:                                            ^
C/C++: /home/expo/workingdir/build/node_modules/react-native-screens/android/build/generated/source/codegen/jni/react/renderer/components/rnscreens/EventEmitters.cpp:45:61: warning: '$' in identifier [-Wdollar-in-identifier-extension]
C/C++:   dispatchEvent("nativeDismissCancelled", [$event=std::move($event)](jsi::Runtime &runtime) {
C/C++:                                                             ^
C/C++: /home/expo/workingdir/build/node_modules/react-native-screens/android/build/generated/source/codegen/jni/react/renderer/components/rnscreens/EventEmitters.cpp:46:10: warning: '$' in identifier [-Wdollar-in-identifier-extension]
C/C++:     auto $payload = jsi::Object(runtime);
C/C++:          ^
C/C++: /home/expo/workingdir/build/node_modules/react-native-screens/android/build/generated/source/codegen/jni/react/renderer/components/rnscreens/EventEmitters.cpp:47:5: warning: '$' in identifier [-Wdollar-in-identifier-extension]
C/C++:     $payload.setProperty(runtime, "dismissCount", $event.dismissCount);
C/C++:     ^
C/C++: /home/expo/workingdir/build/node_modules/react-native-screens/android/build/generated/source/codegen/jni/react/renderer/components/rnscreens/EventEmitters.cpp:47:51: warning: '$' in identifier [-Wdollar-in-identifier-extension]
C/C++:     $payload.setProperty(runtime, "dismissCount", $event.dismissCount);
C/C++:                                                   ^
C/C++: /home/expo/workingdir/build/node_modules/react-native-screens/android/build/generated/source/codegen/jni/react/renderer/components/rnscreens/EventEmitters.cpp:48:12: warning: '$' in identifier [-Wdollar-in-identifier-extension]
C/C++:     return $payload;
C/C++:            ^
C/C++: /home/expo/workingdir/build/node_modules/react-native-screens/android/build/generated/source/codegen/jni/react/renderer/components/rnscreens/EventEmitters.cpp:53:60: warning: '$' in identifier [-Wdollar-in-identifier-extension]
C/C++: void RNSModalScreenEventEmitter::onWillAppear(OnWillAppear $event) const {
C/C++:                                                            ^
C/C++: /home/expo/workingdir/build/node_modules/react-native-screens/android/build/generated/source/codegen/jni/react/renderer/components/rnscreens/EventEmitters.cpp:55:10: warning: '$' in identifier [-Wdollar-in-identifier-extension]
C/C++:     auto $payload = jsi::Object(runtime);
C/C++:          ^
C/C++: /home/expo/workingdir/build/node_modules/react-native-screens/android/build/generated/source/codegen/jni/react/renderer/components/rnscreens/EventEmitters.cpp:57:12: warning: '$' in identifier [-Wdollar-in-identifier-extension]
C/C++:     return $payload;
C/C++:            ^
C/C++: /home/expo/workingdir/build/node_modules/react-native-screens/android/build/generated/source/codegen/jni/react/renderer/components/rnscreens/EventEmitters.cpp:62:66: warning: '$' in identifier [-Wdollar-in-identifier-extension]
C/C++: void RNSModalScreenEventEmitter::onWillDisappear(OnWillDisappear $event) const {
C/C++:                                                                  ^
C/C++: /home/expo/workingdir/build/node_modules/react-native-screens/android/build/generated/source/codegen/jni/react/renderer/components/rnscreens/EventEmitters.cpp:64:10: warning: '$' in identifier [-Wdollar-in-identifier-extension]
C/C++:     auto $payload = jsi::Object(runtime);
C/C++:          ^
C/C++: /home/expo/workingdir/build/node_modules/react-native-screens/android/build/generated/source/codegen/jni/react/renderer/components/rnscreens/EventEmitters.cpp:66:12: warning: '$' in identifier [-Wdollar-in-identifier-extension]
C/C++:     return $payload;
C/C++:            ^
C/C++: /home/expo/workingdir/build/node_modules/react-native-screens/android/build/generated/source/codegen/jni/react/renderer/components/rnscreens/EventEmitters.cpp:71:76: warning: '$' in identifier [-Wdollar-in-identifier-extension]
C/C++: void RNSModalScreenEventEmitter::onHeaderHeightChange(OnHeaderHeightChange $event) const {
C/C++:                                                                            ^
C/C++: /home/expo/workingdir/build/node_modules/react-native-screens/android/build/generated/source/codegen/jni/react/renderer/components/rnscreens/EventEmitters.cpp:72:40: warning: '$' in identifier [-Wdollar-in-identifier-extension]
C/C++:   dispatchEvent("headerHeightChange", [$event=std::move($event)](jsi::Runtime &runtime) {
C/C++:                                        ^
C/C++: /home/expo/workingdir/build/node_modules/react-native-screens/android/build/generated/source/codegen/jni/react/renderer/components/rnscreens/EventEmitters.cpp:72:57: warning: '$' in identifier [-Wdollar-in-identifier-extension]
C/C++:   dispatchEvent("headerHeightChange", [$event=std::move($event)](jsi::Runtime &runtime) {
C/C++:                                                         ^
C/C++: /home/expo/workingdir/build/node_modules/react-native-screens/android/build/generated/source/codegen/jni/react/renderer/components/rnscreens/EventEmitters.cpp:73:10: warning: '$' in identifier [-Wdollar-in-identifier-extension]
C/C++:     auto $payload = jsi::Object(runtime);
C/C++:          ^
C/C++: /home/expo/workingdir/build/node_modules/react-native-screens/android/build/generated/source/codegen/jni/react/renderer/components/rnscreens/EventEmitters.cpp:74:5: warning: '$' in identifier [-Wdollar-in-identifier-extension]
C/C++:     $payload.setProperty(runtime, "headerHeight", $event.headerHeight);
C/C++:     ^
C/C++: /home/expo/workingdir/build/node_modules/react-native-screens/android/build/generated/source/codegen/jni/react/renderer/components/rnscreens/EventEmitters.cpp:74:51: warning: '$' in identifier [-Wdollar-in-identifier-extension]
C/C++:     $payload.setProperty(runtime, "headerHeight", $event.headerHeight);
C/C++:                                                   ^
C/C++: /home/expo/workingdir/build/node_modules/react-native-screens/android/build/generated/source/codegen/jni/react/renderer/components/rnscreens/EventEmitters.cpp:75:12: warning: '$' in identifier [-Wdollar-in-identifier-extension]
C/C++:     return $payload;
C/C++:            ^
C/C++: /home/expo/workingdir/build/node_modules/react-native-screens/android/build/generated/source/codegen/jni/react/renderer/components/rnscreens/EventEmitters.cpp:80:76: warning: '$' in identifier [-Wdollar-in-identifier-extension]
C/C++: void RNSModalScreenEventEmitter::onTransitionProgress(OnTransitionProgress $event) const {
C/C++:                                                                            ^
C/C++: /home/expo/workingdir/build/node_modules/react-native-screens/android/build/generated/source/codegen/jni/react/renderer/components/rnscreens/EventEmitters.cpp:81:40: warning: '$' in identifier [-Wdollar-in-identifier-extension]
C/C++:   dispatchEvent("transitionProgress", [$event=std::move($event)](jsi::Runtime &runtime) {
C/C++:                                        ^
C/C++: /home/expo/workingdir/build/node_modules/react-native-screens/android/build/generated/source/codegen/jni/react/renderer/components/rnscreens/EventEmitters.cpp:81:57: warning: '$' in identifier [-Wdollar-in-identifier-extension]
C/C++:   dispatchEvent("transitionProgress", [$event=std::move($event)](jsi::Runtime &runtime) {
C/C++:                                                         ^
C/C++: /home/expo/workingdir/build/node_modules/react-native-screens/android/build/generated/source/codegen/jni/react/renderer/components/rnscreens/EventEmitters.cpp:82:10: warning: '$' in identifier [-Wdollar-in-identifier-extension]
C/C++:     auto $payload = jsi::Object(runtime);
C/C++:          ^
C/C++: /home/expo/workingdir/build/node_modules/react-native-screens/android/build/generated/source/codegen/jni/react/renderer/components/rnscreens/EventEmitters.cpp:83:5: warning: '$' in identifier [-Wdollar-in-identifier-extension]
C/C++:     $payload.setProperty(runtime, "progress", $event.progress);
C/C++:     ^
C/C++: /home/expo/workingdir/build/node_modules/react-native-screens/android/build/generated/source/codegen/jni/react/renderer/components/rnscreens/EventEmitters.cpp:83:47: warning: '$' in identifier [-Wdollar-in-identifier-extension]
C/C++:     $payload.setProperty(runtime, "progress", $event.progress);
C/C++:                                               ^
C/C++: /home/expo/workingdir/build/node_modules/react-native-screens/android/build/generated/source/codegen/jni/react/renderer/components/rnscreens/EventEmitters.cpp:84:1: warning: '$' in identifier [-Wdollar-in-identifier-extension]
C/C++: $payload.setProperty(runtime, "closing", $event.closing);
C/C++: ^
C/C++: /home/expo/workingdir/build/node_modules/react-native-screens/android/build/generated/source/codegen/jni/react/renderer/components/rnscreens/EventEmitters.cpp:84:42: warning: '$' in identifier [-Wdollar-in-identifier-extension]
C/C++: $payload.setProperty(runtime, "closing", $event.closing);
C/C++:                                          ^
C/C++: /home/expo/workingdir/build/node_modules/react-native-screens/android/build/generated/source/codegen/jni/react/renderer/components/rnscreens/EventEmitters.cpp:85:1: warning: '$' in identifier [-Wdollar-in-identifier-extension]
C/C++: $payload.setProperty(runtime, "goingForward", $event.goingForward);
C/C++: ^
C/C++: /home/expo/workingdir/build/node_modules/react-native-screens/android/build/generated/source/codegen/jni/react/renderer/components/rnscreens/EventEmitters.cpp:85:47: warning: '$' in identifier [-Wdollar-in-identifier-extension]
C/C++: $payload.setProperty(runtime, "goingForward", $event.goingForward);
C/C++:                                               ^
C/C++: /home/expo/workingdir/build/node_modules/react-native-screens/android/build/generated/source/codegen/jni/react/renderer/components/rnscreens/EventEmitters.cpp:86:12: warning: '$' in identifier [-Wdollar-in-identifier-extension]
C/C++:     return $payload;
C/C++:            ^
C/C++: /home/expo/workingdir/build/node_modules/react-native-screens/android/build/generated/source/codegen/jni/react/renderer/components/rnscreens/EventEmitters.cpp:91:66: warning: '$' in identifier [-Wdollar-in-identifier-extension]
C/C++: void RNSModalScreenEventEmitter::onGestureCancel(OnGestureCancel $event) const {
C/C++:                                                                  ^
C/C++: /home/expo/workingdir/build/node_modules/react-native-screens/android/build/generated/source/codegen/jni/react/renderer/components/rnscreens/EventEmitters.cpp:93:10: warning: '$' in identifier [-Wdollar-in-identifier-extension]
C/C++:     auto $payload = jsi::Object(runtime);
C/C++:          ^
C/C++: /home/expo/workingdir/build/node_modules/react-native-screens/android/build/generated/source/codegen/jni/react/renderer/components/rnscreens/EventEmitters.cpp:95:12: warning: '$' in identifier [-Wdollar-in-identifier-extension]
C/C++:     return $payload;
C/C++:            ^
C/C++: /home/expo/workingdir/build/node_modules/react-native-screens/android/build/generated/source/codegen/jni/react/renderer/components/rnscreens/EventEmitters.cpp:100:86: warning: '$' in identifier [-Wdollar-in-identifier-extension]
C/C++: void RNSModalScreenEventEmitter::onHeaderBackButtonClicked(OnHeaderBackButtonClicked $event) const {
C/C++:                                                                                      ^
C/C++: /home/expo/workingdir/build/node_modules/react-native-screens/android/build/generated/source/codegen/jni/react/renderer/components/rnscreens/EventEmitters.cpp:102:10: warning: '$' in identifier [-Wdollar-in-identifier-extension]
C/C++:     auto $payload = jsi::Object(runtime);
C/C++:          ^
C/C++: /home/expo/workingdir/build/node_modules/react-native-screens/android/build/generated/source/codegen/jni/react/renderer/components/rnscreens/EventEmitters.cpp:104:12: warning: '$' in identifier [-Wdollar-in-identifier-extension]
C/C++:     return $payload;
C/C++:            ^
C/C++: /home/expo/workingdir/build/node_modules/react-native-screens/android/build/generated/source/codegen/jni/react/renderer/components/rnscreens/EventEmitters.cpp:109:76: warning: '$' in identifier [-Wdollar-in-identifier-extension]
C/C++: void RNSModalScreenEventEmitter::onSheetDetentChanged(OnSheetDetentChanged $event) const {
C/C++:                                                                            ^
C/C++: /home/expo/workingdir/build/node_modules/react-native-screens/android/build/generated/source/codegen/jni/react/renderer/components/rnscreens/EventEmitters.cpp:110:40: warning: '$' in identifier [-Wdollar-in-identifier-extension]
C/C++:   dispatchEvent("sheetDetentChanged", [$event=std::move($event)](jsi::Runtime &runtime) {
C/C++:                                        ^
C/C++: /home/expo/workingdir/build/node_modules/react-native-screens/android/build/generated/source/codegen/jni/react/renderer/components/rnscreens/EventEmitters.cpp:110:57: warning: '$' in identifier [-Wdollar-in-identifier-extension]
C/C++:   dispatchEvent("sheetDetentChanged", [$event=std::move($event)](jsi::Runtime &runtime) {
C/C++:                                                         ^
C/C++: /home/expo/workingdir/build/node_modules/react-native-screens/android/build/generated/source/codegen/jni/react/renderer/components/rnscreens/EventEmitters.cpp:111:10: warning: '$' in identifier [-Wdollar-in-identifier-extension]
C/C++:     auto $payload = jsi::Object(runtime);
C/C++:          ^
C/C++: /home/expo/workingdir/build/node_modules/react-native-screens/android/build/generated/source/codegen/jni/react/renderer/components/rnscreens/EventEmitters.cpp:112:5: warning: '$' in identifier [-Wdollar-in-identifier-extension]
C/C++:     $payload.setProperty(runtime, "index", $event.index);
C/C++:     ^
C/C++: /home/expo/workingdir/build/node_modules/react-native-screens/android/build/generated/source/codegen/jni/react/renderer/components/rnscreens/EventEmitters.cpp:112:44: warning: '$' in identifier [-Wdollar-in-identifier-extension]
C/C++:     $payload.setProperty(runtime, "index", $event.index);
C/C++:                                            ^
C/C++: /home/expo/workingdir/build/node_modules/react-native-screens/android/build/generated/source/codegen/jni/react/renderer/components/rnscreens/EventEmitters.cpp:113:1: warning: '$' in identifier [-Wdollar-in-identifier-extension]
C/C++: $payload.setProperty(runtime, "isStable", $event.isStable);
C/C++: ^
C/C++: /home/expo/workingdir/build/node_modules/react-native-screens/android/build/generated/source/codegen/jni/react/renderer/components/rnscreens/EventEmitters.cpp:113:43: warning: '$' in identifier [-Wdollar-in-identifier-extension]
C/C++: $payload.setProperty(runtime, "isStable", $event.isStable);
C/C++:                                           ^
C/C++: /home/expo/workingdir/build/node_modules/react-native-screens/android/build/generated/source/codegen/jni/react/renderer/components/rnscreens/EventEmitters.cpp:114:12: warning: '$' in identifier [-Wdollar-in-identifier-extension]
C/C++:     return $payload;
C/C++:            ^
C/C++: /home/expo/workingdir/build/node_modules/react-native-screens/android/build/generated/source/codegen/jni/react/renderer/components/rnscreens/EventEmitters.cpp:122:47: warning: '$' in identifier [-Wdollar-in-identifier-extension]
C/C++: void RNSScreenEventEmitter::onAppear(OnAppear $event) const {
C/C++:                                               ^
C/C++: /home/expo/workingdir/build/node_modules/react-native-screens/android/build/generated/source/codegen/jni/react/renderer/components/rnscreens/EventEmitters.cpp:124:10: warning: '$' in identifier [-Wdollar-in-identifier-extension]
C/C++:     auto $payload = jsi::Object(runtime);
C/C++:          ^
C/C++: /home/expo/workingdir/build/node_modules/react-native-screens/android/build/generated/source/codegen/jni/react/renderer/components/rnscreens/EventEmitters.cpp:126:12: warning: '$' in identifier [-Wdollar-in-identifier-extension]
C/C++:     return $payload;
C/C++:            ^
C/C++: /home/expo/workingdir/build/node_modules/react-native-screens/android/build/generated/source/codegen/jni/react/renderer/components/rnscreens/EventEmitters.cpp:131:53: warning: '$' in identifier [-Wdollar-in-identifier-extension]
C/C++: void RNSScreenEventEmitter::onDisappear(OnDisappear $event) const {
C/C++:                                                     ^
C/C++: /home/expo/workingdir/build/node_modules/react-native-screens/android/build/generated/source/codegen/jni/react/renderer/components/rnscreens/EventEmitters.cpp:133:10: warning: '$' in identifier [-Wdollar-in-identifier-extension]
C/C++:     auto $payload = jsi::Object(runtime);
C/C++:          ^
C/C++: /home/expo/workingdir/build/node_modules/react-native-screens/android/build/generated/source/codegen/jni/react/renderer/components/rnscreens/EventEmitters.cpp:135:12: warning: '$' in identifier [-Wdollar-in-identifier-extension]
C/C++:     return $payload;
C/C++:            ^
C/C++: /home/expo/workingdir/build/node_modules/react-native-screens/android/build/generated/source/codegen/jni/react/renderer/components/rnscreens/EventEmitters.cpp:140:53: warning: '$' in identifier [-Wdollar-in-identifier-extension]
C/C++: void RNSScreenEventEmitter::onDismissed(OnDismissed $event) const {
C/C++:                                                     ^
C/C++: /home/expo/workingdir/build/node_modules/react-native-screens/android/build/generated/source/codegen/jni/react/renderer/components/rnscreens/EventEmitters.cpp:141:31: warning: '$' in identifier [-Wdollar-in-identifier-extension]
C/C++:   dispatchEvent("dismissed", [$event=std::move($event)](jsi::Runtime &runtime) {
C/C++:                               ^
C/C++: /home/expo/workingdir/build/node_modules/react-native-screens/android/build/generated/source/codegen/jni/react/renderer/components/rnscreens/EventEmitters.cpp:141:48: warning: '$' in identifier [-Wdollar-in-identifier-extension]
C/C++:   dispatchEvent("dismissed", [$event=std::move($event)](jsi::Runtime &runtime) {
C/C++:                                                ^
C/C++: /home/expo/workingdir/build/node_modules/react-native-screens/android/build/generated/source/codegen/jni/react/renderer/components/rnscreens/EventEmitters.cpp:142:10: warning: '$' in identifier [-Wdollar-in-identifier-extension]
C/C++:     auto $payload = jsi::Object(runtime);
C/C++:          ^
C/C++: /home/expo/workingdir/build/node_modules/react-native-screens/android/build/generated/source/codegen/jni/react/renderer/components/rnscreens/EventEmitters.cpp:143:5: warning: '$' in identifier [-Wdollar-in-identifier-extension]
C/C++:     $payload.setProperty(runtime, "dismissCount", $event.dismissCount);
C/C++:     ^
C/C++: /home/expo/workingdir/build/node_modules/react-native-screens/android/build/generated/source/codegen/jni/react/renderer/components/rnscreens/EventEmitters.cpp:143:51: warning: '$' in identifier [-Wdollar-in-identifier-extension]
C/C++:     $payload.setProperty(runtime, "dismissCount", $event.dismissCount);
C/C++:                                                   ^
C/C++: /home/expo/workingdir/build/node_modules/react-native-screens/android/build/generated/source/codegen/jni/react/renderer/components/rnscreens/EventEmitters.cpp:144:12: warning: '$' in identifier [-Wdollar-in-identifier-extension]
C/C++:     return $payload;
C/C++:            ^
C/C++: /home/expo/workingdir/build/node_modules/react-native-screens/android/build/generated/source/codegen/jni/react/renderer/components/rnscreens/EventEmitters.cpp:149:79: warning: '$' in identifier [-Wdollar-in-identifier-extension]
C/C++: void RNSScreenEventEmitter::onNativeDismissCancelled(OnNativeDismissCancelled $event) const {
C/C++:                                                                               ^
C/C++: /home/expo/workingdir/build/node_modules/react-native-screens/android/build/generated/source/codegen/jni/react/renderer/components/rnscreens/EventEmitters.cpp:150:44: warning: '$' in identifier [-Wdollar-in-identifier-extension]
C/C++:   dispatchEvent("nativeDismissCancelled", [$event=std::move($event)](jsi::Runtime &runtime) {
C/C++:                                            ^
C/C++: /home/expo/workingdir/build/node_modules/react-native-screens/android/build/generated/source/codegen/jni/react/renderer/components/rnscreens/EventEmitters.cpp:150:61: warning: '$' in identifier [-Wdollar-in-identifier-extension]
C/C++:   dispatchEvent("nativeDismissCancelled", [$event=std::move($event)](jsi::Runtime &runtime) {
C/C++:                                                             ^
C/C++: /home/expo/workingdir/build/node_modules/react-native-screens/android/build/generated/source/codegen/jni/react/renderer/components/rnscreens/EventEmitters.cpp:151:10: warning: '$' in identifier [-Wdollar-in-identifier-extension]
C/C++:     auto $payload = jsi::Object(runtime);
C/C++:          ^
C/C++: /home/expo/workingdir/build/node_modules/react-native-screens/android/build/generated/source/codegen/jni/react/renderer/components/rnscreens/EventEmitters.cpp:152:5: warning: '$' in identifier [-Wdollar-in-identifier-extension]
C/C++:     $payload.setProperty(runtime, "dismissCount", $event.dismissCount);
C/C++:     ^
C/C++: /home/expo/workingdir/build/node_modules/react-native-screens/android/build/generated/source/codegen/jni/react/renderer/components/rnscreens/EventEmitters.cpp:152:51: warning: '$' in identifier [-Wdollar-in-identifier-extension]
C/C++:     $payload.setProperty(runtime, "dismissCount", $event.dismissCount);
C/C++:                                                   ^
C/C++: /home/expo/workingdir/build/node_modules/react-native-screens/android/build/generated/source/codegen/jni/react/renderer/components/rnscreens/EventEmitters.cpp:153:12: warning: '$' in identifier [-Wdollar-in-identifier-extension]
C/C++:     return $payload;
C/C++:            ^
C/C++: /home/expo/workingdir/build/node_modules/react-native-screens/android/build/generated/source/codegen/jni/react/renderer/components/rnscreens/EventEmitters.cpp:158:55: warning: '$' in identifier [-Wdollar-in-identifier-extension]
C/C++: void RNSScreenEventEmitter::onWillAppear(OnWillAppear $event) const {
C/C++:                                                       ^
C/C++: /home/expo/workingdir/build/node_modules/react-native-screens/android/build/generated/source/codegen/jni/react/renderer/components/rnscreens/EventEmitters.cpp:160:10: warning: '$' in identifier [-Wdollar-in-identifier-extension]
C/C++:     auto $payload = jsi::Object(runtime);
C/C++:          ^
C/C++: /home/expo/workingdir/build/node_modules/react-native-screens/android/build/generated/source/codegen/jni/react/renderer/components/rnscreens/EventEmitters.cpp:162:12: warning: '$' in identifier [-Wdollar-in-identifier-extension]
C/C++:     return $payload;
C/C++:            ^
C/C++: /home/expo/workingdir/build/node_modules/react-native-screens/android/build/generated/source/codegen/jni/react/renderer/components/rnscreens/EventEmitters.cpp:167:61: warning: '$' in identifier [-Wdollar-in-identifier-extension]
C/C++: void RNSScreenEventEmitter::onWillDisappear(OnWillDisappear $event) const {
C/C++:                                                             ^
C/C++: /home/expo/workingdir/build/node_modules/react-native-screens/android/build/generated/source/codegen/jni/react/renderer/components/rnscreens/EventEmitters.cpp:169:10: warning: '$' in identifier [-Wdollar-in-identifier-extension]
C/C++:     auto $payload = jsi::Object(runtime);
C/C++:          ^
C/C++: /home/expo/workingdir/build/node_modules/react-native-screens/android/build/generated/source/codegen/jni/react/renderer/components/rnscreens/EventEmitters.cpp:171:12: warning: '$' in identifier [-Wdollar-in-identifier-extension]
C/C++:     return $payload;
C/C++:            ^
C/C++: /home/expo/workingdir/build/node_modules/react-native-screens/android/build/generated/source/codegen/jni/react/renderer/components/rnscreens/EventEmitters.cpp:176:71: warning: '$' in identifier [-Wdollar-in-identifier-extension]
C/C++: void RNSScreenEventEmitter::onHeaderHeightChange(OnHeaderHeightChange $event) const {
C/C++:                                                                       ^
C/C++: /home/expo/workingdir/build/node_modules/react-native-screens/android/build/generated/source/codegen/jni/react/renderer/components/rnscreens/EventEmitters.cpp:177:40: warning: '$' in identifier [-Wdollar-in-identifier-extension]
C/C++:   dispatchEvent("headerHeightChange", [$event=std::move($event)](jsi::Runtime &runtime) {
C/C++:                                        ^
C/C++: /home/expo/workingdir/build/node_modules/react-native-screens/android/build/generated/source/codegen/jni/react/renderer/components/rnscreens/EventEmitters.cpp:177:57: warning: '$' in identifier [-Wdollar-in-identifier-extension]
C/C++:   dispatchEvent("headerHeightChange", [$event=std::move($event)](jsi::Runtime &runtime) {
C/C++:                                                         ^
C/C++: /home/expo/workingdir/build/node_modules/react-native-screens/android/build/generated/source/codegen/jni/react/renderer/components/rnscreens/EventEmitters.cpp:178:10: warning: '$' in identifier [-Wdollar-in-identifier-extension]
C/C++:     auto $payload = jsi::Object(runtime);
C/C++:          ^
C/C++: /home/expo/workingdir/build/node_modules/react-native-screens/android/build/generated/source/codegen/jni/react/renderer/components/rnscreens/EventEmitters.cpp:179:5: warning: '$' in identifier [-Wdollar-in-identifier-extension]
C/C++:     $payload.setProperty(runtime, "headerHeight", $event.headerHeight);
C/C++:     ^
C/C++: /home/expo/workingdir/build/node_modules/react-native-screens/android/build/generated/source/codegen/jni/react/renderer/components/rnscreens/EventEmitters.cpp:179:51: warning: '$' in identifier [-Wdollar-in-identifier-extension]
C/C++:     $payload.setProperty(runtime, "headerHeight", $event.headerHeight);
C/C++:                                                   ^
C/C++: /home/expo/workingdir/build/node_modules/react-native-screens/android/build/generated/source/codegen/jni/react/renderer/components/rnscreens/EventEmitters.cpp:180:12: warning: '$' in identifier [-Wdollar-in-identifier-extension]
C/C++:     return $payload;
C/C++:            ^
C/C++: /home/expo/workingdir/build/node_modules/react-native-screens/android/build/generated/source/codegen/jni/react/renderer/components/rnscreens/EventEmitters.cpp:185:71: warning: '$' in identifier [-Wdollar-in-identifier-extension]
C/C++: void RNSScreenEventEmitter::onTransitionProgress(OnTransitionProgress $event) const {
C/C++:                                                                       ^
C/C++: /home/expo/workingdir/build/node_modules/react-native-screens/android/build/generated/source/codegen/jni/react/renderer/components/rnscreens/EventEmitters.cpp:186:40: warning: '$' in identifier [-Wdollar-in-identifier-extension]
C/C++:   dispatchEvent("transitionProgress", [$event=std::move($event)](jsi::Runtime &runtime) {
C/C++:                                        ^
C/C++: /home/expo/workingdir/build/node_modules/react-native-screens/android/build/generated/source/codegen/jni/react/renderer/components/rnscreens/EventEmitters.cpp:186:57: warning: '$' in identifier [-Wdollar-in-identifier-extension]
C/C++:   dispatchEvent("transitionProgress", [$event=std::move($event)](jsi::Runtime &runtime) {
C/C++:                                                         ^
C/C++: /home/expo/workingdir/build/node_modules/react-native-screens/android/build/generated/source/codegen/jni/react/renderer/components/rnscreens/EventEmitters.cpp:187:10: warning: '$' in identifier [-Wdollar-in-identifier-extension]
C/C++:     auto $payload = jsi::Object(runtime);
C/C++:          ^
C/C++: /home/expo/workingdir/build/node_modules/react-native-screens/android/build/generated/source/codegen/jni/react/renderer/components/rnscreens/EventEmitters.cpp:188:5: warning: '$' in identifier [-Wdollar-in-identifier-extension]
C/C++:     $payload.setProperty(runtime, "progress", $event.progress);
C/C++:     ^
C/C++: /home/expo/workingdir/build/node_modules/react-native-screens/android/build/generated/source/codegen/jni/react/renderer/components/rnscreens/EventEmitters.cpp:188:47: warning: '$' in identifier [-Wdollar-in-identifier-extension]
C/C++:     $payload.setProperty(runtime, "progress", $event.progress);
C/C++:                                               ^
C/C++: /home/expo/workingdir/build/node_modules/react-native-screens/android/build/generated/source/codegen/jni/react/renderer/components/rnscreens/EventEmitters.cpp:189:1: warning: '$' in identifier [-Wdollar-in-identifier-extension]
C/C++: $payload.setProperty(runtime, "closing", $event.closing);
C/C++: ^
C/C++: /home/expo/workingdir/build/node_modules/react-native-screens/android/build/generated/source/codegen/jni/react/renderer/components/rnscreens/EventEmitters.cpp:189:42: warning: '$' in identifier [-Wdollar-in-identifier-extension]
C/C++: $payload.setProperty(runtime, "closing", $event.closing);
C/C++:                                          ^
C/C++: /home/expo/workingdir/build/node_modules/react-native-screens/android/build/generated/source/codegen/jni/react/renderer/components/rnscreens/EventEmitters.cpp:190:1: warning: '$' in identifier [-Wdollar-in-identifier-extension]
C/C++: $payload.setProperty(runtime, "goingForward", $event.goingForward);
C/C++: ^
C/C++: /home/expo/workingdir/build/node_modules/react-native-screens/android/build/generated/source/codegen/jni/react/renderer/components/rnscreens/EventEmitters.cpp:190:47: warning: '$' in identifier [-Wdollar-in-identifier-extension]
C/C++: $payload.setProperty(runtime, "goingForward", $event.goingForward);
C/C++:                                               ^
C/C++: /home/expo/workingdir/build/node_modules/react-native-screens/android/build/generated/source/codegen/jni/react/renderer/components/rnscreens/EventEmitters.cpp:191:12: warning: '$' in identifier [-Wdollar-in-identifier-extension]
C/C++:     return $payload;
C/C++:            ^
C/C++: /home/expo/workingdir/build/node_modules/react-native-screens/android/build/generated/source/codegen/jni/react/renderer/components/rnscreens/EventEmitters.cpp:196:61: warning: '$' in identifier [-Wdollar-in-identifier-extension]
C/C++: void RNSScreenEventEmitter::onGestureCancel(OnGestureCancel $event) const {
C/C++:                                                             ^
C/C++: /home/expo/workingdir/build/node_modules/react-native-screens/android/build/generated/source/codegen/jni/react/renderer/components/rnscreens/EventEmitters.cpp:198:10: warning: '$' in identifier [-Wdollar-in-identifier-extension]
C/C++:     auto $payload = jsi::Object(runtime);
C/C++:          ^
C/C++: /home/expo/workingdir/build/node_modules/react-native-screens/android/build/generated/source/codegen/jni/react/renderer/components/rnscreens/EventEmitters.cpp:200:12: warning: '$' in identifier [-Wdollar-in-identifier-extension]
C/C++:     return $payload;
C/C++:            ^
C/C++: /home/expo/workingdir/build/node_modules/react-native-screens/android/build/generated/source/codegen/jni/react/renderer/components/rnscreens/EventEmitters.cpp:205:81: warning: '$' in identifier [-Wdollar-in-identifier-extension]
C/C++: void RNSScreenEventEmitter::onHeaderBackButtonClicked(OnHeaderBackButtonClicked $event) const {
C/C++:                                                                                 ^
C/C++: /home/expo/workingdir/build/node_modules/react-native-screens/android/build/generated/source/codegen/jni/react/renderer/components/rnscreens/EventEmitters.cpp:207:10: warning: '$' in identifier [-Wdollar-in-identifier-extension]
C/C++:     auto $payload = jsi::Object(runtime);
C/C++:          ^
C/C++: /home/expo/workingdir/build/node_modules/react-native-screens/android/build/generated/source/codegen/jni/react/renderer/components/rnscreens/EventEmitters.cpp:209:12: warning: '$' in identifier [-Wdollar-in-identifier-extension]
C/C++:     return $payload;
C/C++:            ^
C/C++: /home/expo/workingdir/build/node_modules/react-native-screens/android/build/generated/source/codegen/jni/react/renderer/components/rnscreens/EventEmitters.cpp:214:71: warning: '$' in identifier [-Wdollar-in-identifier-extension]
C/C++: void RNSScreenEventEmitter::onSheetDetentChanged(OnSheetDetentChanged $event) const {
C/C++:                                                                       ^
C/C++: /home/expo/workingdir/build/node_modules/react-native-screens/android/build/generated/source/codegen/jni/react/renderer/components/rnscreens/EventEmitters.cpp:215:40: warning: '$' in identifier [-Wdollar-in-identifier-extension]
C/C++:   dispatchEvent("sheetDetentChanged", [$event=std::move($event)](jsi::Runtime &runtime) {
C/C++:                                        ^
C/C++: /home/expo/workingdir/build/node_modules/react-native-screens/android/build/generated/source/codegen/jni/react/renderer/components/rnscreens/EventEmitters.cpp:215:57: warning: '$' in identifier [-Wdollar-in-identifier-extension]
C/C++:   dispatchEvent("sheetDetentChanged", [$event=std::move($event)](jsi::Runtime &runtime) {
C/C++:                                                         ^
C/C++: /home/expo/workingdir/build/node_modules/react-native-screens/android/build/generated/source/codegen/jni/react/renderer/components/rnscreens/EventEmitters.cpp:216:10: warning: '$' in identifier [-Wdollar-in-identifier-extension]
C/C++:     auto $payload = jsi::Object(runtime);
C/C++:          ^
C/C++: /home/expo/workingdir/build/node_modules/react-native-screens/android/build/generated/source/codegen/jni/react/renderer/components/rnscreens/EventEmitters.cpp:217:5: warning: '$' in identifier [-Wdollar-in-identifier-extension]
C/C++:     $payload.setProperty(runtime, "index", $event.index);
C/C++:     ^
C/C++: /home/expo/workingdir/build/node_modules/react-native-screens/android/build/generated/source/codegen/jni/react/renderer/components/rnscreens/EventEmitters.cpp:217:44: warning: '$' in identifier [-Wdollar-in-identifier-extension]
C/C++:     $payload.setProperty(runtime, "index", $event.index);
C/C++:                                            ^
C/C++: /home/expo/workingdir/build/node_modules/react-native-screens/android/build/generated/source/codegen/jni/react/renderer/components/rnscreens/EventEmitters.cpp:218:1: warning: '$' in identifier [-Wdollar-in-identifier-extension]
C/C++: $payload.setProperty(runtime, "isStable", $event.isStable);
C/C++: ^
C/C++: /home/expo/workingdir/build/node_modules/react-native-screens/android/build/generated/source/codegen/jni/react/renderer/components/rnscreens/EventEmitters.cpp:218:43: warning: '$' in identifier [-Wdollar-in-identifier-extension]
C/C++: $payload.setProperty(runtime, "isStable", $event.isStable);
C/C++:                                           ^
C/C++: /home/expo/workingdir/build/node_modules/react-native-screens/android/build/generated/source/codegen/jni/react/renderer/components/rnscreens/EventEmitters.cpp:219:12: warning: '$' in identifier [-Wdollar-in-identifier-extension]
C/C++:     return $payload;
C/C++:            ^
C/C++: /home/expo/workingdir/build/node_modules/react-native-screens/android/build/generated/source/codegen/jni/react/renderer/components/rnscreens/EventEmitters.cpp:225:68: warning: '$' in identifier [-Wdollar-in-identifier-extension]
C/C++: void RNSScreenStackHeaderConfigEventEmitter::onAttached(OnAttached $event) const {
C/C++:                                                                    ^
C/C++: /home/expo/workingdir/build/node_modules/react-native-screens/android/build/generated/source/codegen/jni/react/renderer/components/rnscreens/EventEmitters.cpp:227:10: warning: '$' in identifier [-Wdollar-in-identifier-extension]
C/C++:     auto $payload = jsi::Object(runtime);
C/C++:          ^
C/C++: /home/expo/workingdir/build/node_modules/react-native-screens/android/build/generated/source/codegen/jni/react/renderer/components/rnscreens/EventEmitters.cpp:229:12: warning: '$' in identifier [-Wdollar-in-identifier-extension]
C/C++:     return $payload;
C/C++:            ^
C/C++: /home/expo/workingdir/build/node_modules/react-native-screens/android/build/generated/source/codegen/jni/react/renderer/components/rnscreens/EventEmitters.cpp:234:68: warning: '$' in identifier [-Wdollar-in-identifier-extension]
C/C++: void RNSScreenStackHeaderConfigEventEmitter::onDetached(OnDetached $event) const {
C/C++:                                                                    ^
C/C++: /home/expo/workingdir/build/node_modules/react-native-screens/android/build/generated/source/codegen/jni/react/renderer/components/rnscreens/EventEmitters.cpp:236:10: warning: '$' in identifier [-Wdollar-in-identifier-extension]
C/C++:     auto $payload = jsi::Object(runtime);
C/C++:          ^
C/C++: /home/expo/workingdir/build/node_modules/react-native-screens/android/build/generated/source/codegen/jni/react/renderer/components/rnscreens/EventEmitters.cpp:238:12: warning: '$' in identifier [-Wdollar-in-identifier-extension]
C/C++:     return $payload;
C/C++:            ^
C/C++: /home/expo/workingdir/build/node_modules/react-native-screens/android/build/generated/source/codegen/jni/react/renderer/components/rnscreens/EventEmitters.cpp:244:78: warning: '$' in identifier [-Wdollar-in-identifier-extension]
C/C++: void RNSScreenStackEventEmitter::onFinishTransitioning(OnFinishTransitioning $event) const {
C/C++:                                                                              ^
C/C++: /home/expo/workingdir/build/node_modules/react-native-screens/android/build/generated/source/codegen/jni/react/renderer/components/rnscreens/EventEmitters.cpp:246:10: warning: '$' in identifier [-Wdollar-in-identifier-extension]
C/C++:     auto $payload = jsi::Object(runtime);
C/C++:          ^
C/C++: /home/expo/workingdir/build/node_modules/react-native-screens/android/build/generated/source/codegen/jni/react/renderer/components/rnscreens/EventEmitters.cpp:248:12: warning: '$' in identifier [-Wdollar-in-identifier-extension]
C/C++:     return $payload;
C/C++:            ^
C/C++: /home/expo/workingdir/build/node_modules/react-native-screens/android/build/generated/source/codegen/jni/react/renderer/components/rnscreens/EventEmitters.cpp:253:60: warning: '$' in identifier [-Wdollar-in-identifier-extension]
C/C++: void RNSSearchBarEventEmitter::onSearchFocus(OnSearchFocus $event) const {
C/C++:                                                            ^
C/C++: /home/expo/workingdir/build/node_modules/react-native-screens/android/build/generated/source/codegen/jni/react/renderer/components/rnscreens/EventEmitters.cpp:255:10: warning: '$' in identifier [-Wdollar-in-identifier-extension]
C/C++:     auto $payload = jsi::Object(runtime);
C/C++:          ^
C/C++: /home/expo/workingdir/build/node_modules/react-native-screens/android/build/generated/source/codegen/jni/react/renderer/components/rnscreens/EventEmitters.cpp:257:12: warning: '$' in identifier [-Wdollar-in-identifier-extension]
C/C++:     return $payload;
C/C++:            ^
C/C++: /home/expo/workingdir/build/node_modules/react-native-screens/android/build/generated/source/codegen/jni/react/renderer/components/rnscreens/EventEmitters.cpp:262:58: warning: '$' in identifier [-Wdollar-in-identifier-extension]
C/C++: void RNSSearchBarEventEmitter::onSearchBlur(OnSearchBlur $event) const {
C/C++:                                                          ^
C/C++: /home/expo/workingdir/build/node_modules/react-native-screens/android/build/generated/source/codegen/jni/react/renderer/components/rnscreens/EventEmitters.cpp:264:10: warning: '$' in identifier [-Wdollar-in-identifier-extension]
C/C++:     auto $payload = jsi::Object(runtime);
C/C++:          ^
C/C++: /home/expo/workingdir/build/node_modules/react-native-screens/android/build/generated/source/codegen/jni/react/renderer/components/rnscreens/EventEmitters.cpp:266:12: warning: '$' in identifier [-Wdollar-in-identifier-extension]
C/C++:     return $payload;
C/C++:            ^
C/C++: /home/expo/workingdir/build/node_modules/react-native-screens/android/build/generated/source/codegen/jni/react/renderer/components/rnscreens/EventEmitters.cpp:271:72: warning: '$' in identifier [-Wdollar-in-identifier-extension]
C/C++: void RNSSearchBarEventEmitter::onSearchButtonPress(OnSearchButtonPress $event) const {
C/C++:                                                                        ^
C/C++: /home/expo/workingdir/build/node_modules/react-native-screens/android/build/generated/source/codegen/jni/react/renderer/components/rnscreens/EventEmitters.cpp:272:39: warning: '$' in identifier [-Wdollar-in-identifier-extension]
C/C++:   dispatchEvent("searchButtonPress", [$event=std::move($event)](jsi::Runtime &runtime) {
C/C++:                                       ^
C/C++: /home/expo/workingdir/build/node_modules/react-native-screens/android/build/generated/source/codegen/jni/react/renderer/components/rnscreens/EventEmitters.cpp:272:56: warning: '$' in identifier [-Wdollar-in-identifier-extension]
C/C++:   dispatchEvent("searchButtonPress", [$event=std::move($event)](jsi::Runtime &runtime) {
C/C++:                                                        ^
C/C++: /home/expo/workingdir/build/node_modules/react-native-screens/android/build/generated/source/codegen/jni/react/renderer/components/rnscreens/EventEmitters.cpp:273:10: warning: '$' in identifier [-Wdollar-in-identifier-extension]
C/C++:     auto $payload = jsi::Object(runtime);
C/C++:          ^
C/C++: /home/expo/workingdir/build/node_modules/react-native-screens/android/build/generated/source/codegen/jni/react/renderer/components/rnscreens/EventEmitters.cpp:274:5: warning: '$' in identifier [-Wdollar-in-identifier-extension]
C/C++:     $payload.setProperty(runtime, "text", $event.text);
C/C++:     ^
C/C++: /home/expo/workingdir/build/node_modules/react-native-screens/android/build/generated/source/codegen/jni/react/renderer/components/rnscreens/EventEmitters.cpp:274:43: warning: '$' in identifier [-Wdollar-in-identifier-extension]
C/C++:     $payload.setProperty(runtime, "text", $event.text);
C/C++:                                           ^
C/C++: /home/expo/workingdir/build/node_modules/react-native-screens/android/build/generated/source/codegen/jni/react/renderer/components/rnscreens/EventEmitters.cpp:275:12: warning: '$' in identifier [-Wdollar-in-identifier-extension]
C/C++:     return $payload;
C/C++:            ^
C/C++: /home/expo/workingdir/build/node_modules/react-native-screens/android/build/generated/source/codegen/jni/react/renderer/components/rnscreens/EventEmitters.cpp:280:72: warning: '$' in identifier [-Wdollar-in-identifier-extension]
C/C++: void RNSSearchBarEventEmitter::onCancelButtonPress(OnCancelButtonPress $event) const {
C/C++:                                                                        ^
C/C++: /home/expo/workingdir/build/node_modules/react-native-screens/android/build/generated/source/codegen/jni/react/renderer/components/rnscreens/EventEmitters.cpp:282:10: warning: '$' in identifier [-Wdollar-in-identifier-extension]
C/C++:     auto $payload = jsi::Object(runtime);
C/C++:          ^
C/C++: /home/expo/workingdir/build/node_modules/react-native-screens/android/build/generated/source/codegen/jni/react/renderer/components/rnscreens/EventEmitters.cpp:284:12: warning: '$' in identifier [-Wdollar-in-identifier-extension]
C/C++:     return $payload;
C/C++:            ^
C/C++: /home/expo/workingdir/build/node_modules/react-native-screens/android/build/generated/source/codegen/jni/react/renderer/components/rnscreens/EventEmitters.cpp:289:58: warning: '$' in identifier [-Wdollar-in-identifier-extension]
C/C++: void RNSSearchBarEventEmitter::onChangeText(OnChangeText $event) const {
C/C++:                                                          ^
C/C++: /home/expo/workingdir/build/node_modules/react-native-screens/android/build/generated/source/codegen/jni/react/renderer/components/rnscreens/EventEmitters.cpp:290:32: warning: '$' in identifier [-Wdollar-in-identifier-extension]
C/C++:   dispatchEvent("changeText", [$event=std::move($event)](jsi::Runtime &runtime) {
C/C++:                                ^
C/C++: /home/expo/workingdir/build/node_modules/react-native-screens/android/build/generated/source/codegen/jni/react/renderer/components/rnscreens/EventEmitters.cpp:290:49: warning: '$' in identifier [-Wdollar-in-identifier-extension]
C/C++:   dispatchEvent("changeText", [$event=std::move($event)](jsi::Runtime &runtime) {
C/C++:                                                 ^
C/C++: /home/expo/workingdir/build/node_modules/react-native-screens/android/build/generated/source/codegen/jni/react/renderer/components/rnscreens/EventEmitters.cpp:291:10: warning: '$' in identifier [-Wdollar-in-identifier-extension]
C/C++:     auto $payload = jsi::Object(runtime);
C/C++:          ^
C/C++: /home/expo/workingdir/build/node_modules/react-native-screens/android/build/generated/source/codegen/jni/react/renderer/components/rnscreens/EventEmitters.cpp:292:5: warning: '$' in identifier [-Wdollar-in-identifier-extension]
C/C++:     $payload.setProperty(runtime, "text", $event.text);
C/C++:     ^
C/C++: /home/expo/workingdir/build/node_modules/react-native-screens/android/build/generated/source/codegen/jni/react/renderer/components/rnscreens/EventEmitters.cpp:292:43: warning: '$' in identifier [-Wdollar-in-identifier-extension]
C/C++:     $payload.setProperty(runtime, "text", $event.text);
C/C++:                                           ^
C/C++: /home/expo/workingdir/build/node_modules/react-native-screens/android/build/generated/source/codegen/jni/react/renderer/components/rnscreens/EventEmitters.cpp:293:12: warning: '$' in identifier [-Wdollar-in-identifier-extension]
C/C++:     return $payload;
C/C++:            ^
C/C++: /home/expo/workingdir/build/node_modules/react-native-screens/android/build/generated/source/codegen/jni/react/renderer/components/rnscreens/EventEmitters.cpp:298:48: warning: '$' in identifier [-Wdollar-in-identifier-extension]
C/C++: void RNSSearchBarEventEmitter::onClose(OnClose $event) const {
C/C++:                                                ^
C/C++: /home/expo/workingdir/build/node_modules/react-native-screens/android/build/generated/source/codegen/jni/react/renderer/components/rnscreens/EventEmitters.cpp:300:10: warning: '$' in identifier [-Wdollar-in-identifier-extension]
C/C++:     auto $payload = jsi::Object(runtime);
C/C++:          ^
C/C++: /home/expo/workingdir/build/node_modules/react-native-screens/android/build/generated/source/codegen/jni/react/renderer/components/rnscreens/EventEmitters.cpp:302:12: warning: '$' in identifier [-Wdollar-in-identifier-extension]
C/C++:     return $payload;
C/C++:            ^
C/C++: /home/expo/workingdir/build/node_modules/react-native-screens/android/build/generated/source/codegen/jni/react/renderer/components/rnscreens/EventEmitters.cpp:307:46: warning: '$' in identifier [-Wdollar-in-identifier-extension]
C/C++: void RNSSearchBarEventEmitter::onOpen(OnOpen $event) const {
C/C++:                                              ^
C/C++: /home/expo/workingdir/build/node_modules/react-native-screens/android/build/generated/source/codegen/jni/react/renderer/components/rnscreens/EventEmitters.cpp:309:10: warning: '$' in identifier [-Wdollar-in-identifier-extension]
C/C++:     auto $payload = jsi::Object(runtime);
C/C++:          ^
C/C++: /home/expo/workingdir/build/node_modules/react-native-screens/android/build/generated/source/codegen/jni/react/renderer/components/rnscreens/EventEmitters.cpp:311:12: warning: '$' in identifier [-Wdollar-in-identifier-extension]
C/C++:     return $payload;
C/C++:            ^
C/C++: 156 warnings generated.
C/C++: /home/expo/workingdir/build/node_modules/react-native-svg/android/build/generated/source/codegen/jni/react/renderer/components/rnsvg/EventEmitters.cpp:30:44: warning: '$' in identifier [-Wdollar-in-identifier-extension]
C/C++: void RNSVGImageEventEmitter::onLoad(OnLoad $event) const {
C/C++:                                            ^
C/C++: /home/expo/workingdir/build/node_modules/react-native-svg/android/build/generated/source/codegen/jni/react/renderer/components/rnsvg/EventEmitters.cpp:31:26: warning: '$' in identifier [-Wdollar-in-identifier-extension]
C/C++:   dispatchEvent("load", [$event=std::move($event)](jsi::Runtime &runtime) {
C/C++:                          ^
C/C++: /home/expo/workingdir/build/node_modules/react-native-svg/android/build/generated/source/codegen/jni/react/renderer/components/rnsvg/EventEmitters.cpp:31:43: warning: '$' in identifier [-Wdollar-in-identifier-extension]
C/C++:   dispatchEvent("load", [$event=std::move($event)](jsi::Runtime &runtime) {
C/C++:                                           ^
C/C++: /home/expo/workingdir/build/node_modules/react-native-svg/android/build/generated/source/codegen/jni/react/renderer/components/rnsvg/EventEmitters.cpp:32:10: warning: '$' in identifier [-Wdollar-in-identifier-extension]
C/C++:     auto $payload = jsi::Object(runtime);
C/C++:          ^
C/C++: /home/expo/workingdir/build/node_modules/react-native-svg/android/build/generated/source/codegen/jni/react/renderer/components/rnsvg/EventEmitters.cpp:35:40: warning: '$' in identifier [-Wdollar-in-identifier-extension]
C/C++:   source.setProperty(runtime, "width", $event.source.width);
C/C++:                                        ^
C/C++: /home/expo/workingdir/build/node_modules/react-native-svg/android/build/generated/source/codegen/jni/react/renderer/components/rnsvg/EventEmitters.cpp:36:41: warning: '$' in identifier [-Wdollar-in-identifier-extension]
C/C++:   source.setProperty(runtime, "height", $event.source.height);
C/C++:                                         ^
C/C++: /home/expo/workingdir/build/node_modules/react-native-svg/android/build/generated/source/codegen/jni/react/renderer/components/rnsvg/EventEmitters.cpp:37:38: warning: '$' in identifier [-Wdollar-in-identifier-extension]
C/C++:   source.setProperty(runtime, "uri", $event.source.uri);
C/C++:                                      ^
C/C++: /home/expo/workingdir/build/node_modules/react-native-svg/android/build/generated/source/codegen/jni/react/renderer/components/rnsvg/EventEmitters.cpp:38:3: warning: '$' in identifier [-Wdollar-in-identifier-extension]
C/C++:   $payload.setProperty(runtime, "source", source);
C/C++:   ^
C/C++: /home/expo/workingdir/build/node_modules/react-native-svg/android/build/generated/source/codegen/jni/react/renderer/components/rnsvg/EventEmitters.cpp:40:12: warning: '$' in identifier [-Wdollar-in-identifier-extension]
C/C++:     return $payload;
C/C++:            ^
C/C++: 9 warnings generated.
> Task :app:lintVitalAnalyzeRelease
> Task :app:buildCMakeRelWithDebInfo[armeabi-v7a]
C/C++: ninja: Entering directory `/home/expo/workingdir/build/android/app/.cxx/RelWithDebInfo/1c352s72/armeabi-v7a'
C/C++: /home/expo/workingdir/build/node_modules/react-native-safe-area-context/android/build/generated/source/codegen/jni/react/renderer/components/safeareacontext/EventEmitters.cpp:16:69: warning: '$' in identifier [-Wdollar-in-identifier-extension]
C/C++: void RNCSafeAreaProviderEventEmitter::onInsetsChange(OnInsetsChange $event) const {
C/C++:                                                                     ^
C/C++: /home/expo/workingdir/build/node_modules/react-native-safe-area-context/android/build/generated/source/codegen/jni/react/renderer/components/safeareacontext/EventEmitters.cpp:17:34: warning: '$' in identifier [-Wdollar-in-identifier-extension]
C/C++:   dispatchEvent("insetsChange", [$event=std::move($event)](jsi::Runtime &runtime) {
C/C++:                                  ^
C/C++: /home/expo/workingdir/build/node_modules/react-native-safe-area-context/android/build/generated/source/codegen/jni/react/renderer/components/safeareacontext/EventEmitters.cpp:17:51: warning: '$' in identifier [-Wdollar-in-identifier-extension]
C/C++:   dispatchEvent("insetsChange", [$event=std::move($event)](jsi::Runtime &runtime) {
C/C++:                                                   ^
C/C++: /home/expo/workingdir/build/node_modules/react-native-safe-area-context/android/build/generated/source/codegen/jni/react/renderer/components/safeareacontext/EventEmitters.cpp:18:10: warning: '$' in identifier [-Wdollar-in-identifier-extension]
C/C++:     auto $payload = jsi::Object(runtime);
C/C++:          ^
C/C++: /home/expo/workingdir/build/node_modules/react-native-safe-area-context/android/build/generated/source/codegen/jni/react/renderer/components/safeareacontext/EventEmitters.cpp:21:38: warning: '$' in identifier [-Wdollar-in-identifier-extension]
C/C++:   insets.setProperty(runtime, "top", $event.insets.top);
C/C++:                                      ^
C/C++: /home/expo/workingdir/build/node_modules/react-native-safe-area-context/android/build/generated/source/codegen/jni/react/renderer/components/safeareacontext/EventEmitters.cpp:22:40: warning: '$' in identifier [-Wdollar-in-identifier-extension]
C/C++:   insets.setProperty(runtime, "right", $event.insets.right);
C/C++:                                        ^
C/C++: /home/expo/workingdir/build/node_modules/react-native-safe-area-context/android/build/generated/source/codegen/jni/react/renderer/components/safeareacontext/EventEmitters.cpp:23:41: warning: '$' in identifier [-Wdollar-in-identifier-extension]
C/C++:   insets.setProperty(runtime, "bottom", $event.insets.bottom);
C/C++:                                         ^
C/C++: /home/expo/workingdir/build/node_modules/react-native-safe-area-context/android/build/generated/source/codegen/jni/react/renderer/components/safeareacontext/EventEmitters.cpp:24:39: warning: '$' in identifier [-Wdollar-in-identifier-extension]
C/C++:   insets.setProperty(runtime, "left", $event.insets.left);
C/C++:                                       ^
C/C++: /home/expo/workingdir/build/node_modules/react-native-safe-area-context/android/build/generated/source/codegen/jni/react/renderer/components/safeareacontext/EventEmitters.cpp:25:3: warning: '$' in identifier [-Wdollar-in-identifier-extension]
C/C++:   $payload.setProperty(runtime, "insets", insets);
C/C++:   ^
C/C++: /home/expo/workingdir/build/node_modules/react-native-safe-area-context/android/build/generated/source/codegen/jni/react/renderer/components/safeareacontext/EventEmitters.cpp:29:35: warning: '$' in identifier [-Wdollar-in-identifier-extension]
C/C++:   frame.setProperty(runtime, "x", $event.frame.x);
C/C++:                                   ^
C/C++: /home/expo/workingdir/build/node_modules/react-native-safe-area-context/android/build/generated/source/codegen/jni/react/renderer/components/safeareacontext/EventEmitters.cpp:30:35: warning: '$' in identifier [-Wdollar-in-identifier-extension]
C/C++:   frame.setProperty(runtime, "y", $event.frame.y);
C/C++:                                   ^
C/C++: /home/expo/workingdir/build/node_modules/react-native-safe-area-context/android/build/generated/source/codegen/jni/react/renderer/components/safeareacontext/EventEmitters.cpp:31:39: warning: '$' in identifier [-Wdollar-in-identifier-extension]
C/C++:   frame.setProperty(runtime, "width", $event.frame.width);
C/C++:                                       ^
C/C++: /home/expo/workingdir/build/node_modules/react-native-safe-area-context/android/build/generated/source/codegen/jni/react/renderer/components/safeareacontext/EventEmitters.cpp:32:40: warning: '$' in identifier [-Wdollar-in-identifier-extension]
C/C++:   frame.setProperty(runtime, "height", $event.frame.height);
C/C++:                                        ^
C/C++: /home/expo/workingdir/build/node_modules/react-native-safe-area-context/android/build/generated/source/codegen/jni/react/renderer/components/safeareacontext/EventEmitters.cpp:33:3: warning: '$' in identifier [-Wdollar-in-identifier-extension]
C/C++:   $payload.setProperty(runtime, "frame", frame);
C/C++:   ^
C/C++: /home/expo/workingdir/build/node_modules/react-native-safe-area-context/android/build/generated/source/codegen/jni/react/renderer/components/safeareacontext/EventEmitters.cpp:35:12: warning: '$' in identifier [-Wdollar-in-identifier-extension]
C/C++:     return $payload;
C/C++:            ^
C/C++: 15 warnings generated.
C/C++: /home/expo/workingdir/build/node_modules/react-native-screens/android/build/generated/source/codegen/jni/react/renderer/components/rnscreens/EventEmitters.cpp:17:52: warning: '$' in identifier [-Wdollar-in-identifier-extension]
C/C++: void RNSModalScreenEventEmitter::onAppear(OnAppear $event) const {
C/C++:                                                    ^
C/C++: /home/expo/workingdir/build/node_modules/react-native-screens/android/build/generated/source/codegen/jni/react/renderer/components/rnscreens/EventEmitters.cpp:19:10: warning: '$' in identifier [-Wdollar-in-identifier-extension]
C/C++:     auto $payload = jsi::Object(runtime);
C/C++:          ^
C/C++: /home/expo/workingdir/build/node_modules/react-native-screens/android/build/generated/source/codegen/jni/react/renderer/components/rnscreens/EventEmitters.cpp:21:12: warning: '$' in identifier [-Wdollar-in-identifier-extension]
C/C++:     return $payload;
C/C++:            ^
C/C++: /home/expo/workingdir/build/node_modules/react-native-screens/android/build/generated/source/codegen/jni/react/renderer/components/rnscreens/EventEmitters.cpp:26:58: warning: '$' in identifier [-Wdollar-in-identifier-extension]
C/C++: void RNSModalScreenEventEmitter::onDisappear(OnDisappear $event) const {
C/C++:                                                          ^
C/C++: /home/expo/workingdir/build/node_modules/react-native-screens/android/build/generated/source/codegen/jni/react/renderer/components/rnscreens/EventEmitters.cpp:28:10: warning: '$' in identifier [-Wdollar-in-identifier-extension]
C/C++:     auto $payload = jsi::Object(runtime);
C/C++:          ^
C/C++: /home/expo/workingdir/build/node_modules/react-native-screens/android/build/generated/source/codegen/jni/react/renderer/components/rnscreens/EventEmitters.cpp:30:12: warning: '$' in identifier [-Wdollar-in-identifier-extension]
C/C++:     return $payload;
C/C++:            ^
C/C++: /home/expo/workingdir/build/node_modules/react-native-screens/android/build/generated/source/codegen/jni/react/renderer/components/rnscreens/EventEmitters.cpp:35:58: warning: '$' in identifier [-Wdollar-in-identifier-extension]
C/C++: void RNSModalScreenEventEmitter::onDismissed(OnDismissed $event) const {
C/C++:                                                          ^
C/C++: /home/expo/workingdir/build/node_modules/react-native-screens/android/build/generated/source/codegen/jni/react/renderer/components/rnscreens/EventEmitters.cpp:36:31: warning: '$' in identifier [-Wdollar-in-identifier-extension]
C/C++:   dispatchEvent("dismissed", [$event=std::move($event)](jsi::Runtime &runtime) {
C/C++:                               ^
C/C++: /home/expo/workingdir/build/node_modules/react-native-screens/android/build/generated/source/codegen/jni/react/renderer/components/rnscreens/EventEmitters.cpp:36:48: warning: '$' in identifier [-Wdollar-in-identifier-extension]
C/C++:   dispatchEvent("dismissed", [$event=std::move($event)](jsi::Runtime &runtime) {
C/C++:                                                ^
C/C++: /home/expo/workingdir/build/node_modules/react-native-screens/android/build/generated/source/codegen/jni/react/renderer/components/rnscreens/EventEmitters.cpp:37:10: warning: '$' in identifier [-Wdollar-in-identifier-extension]
C/C++:     auto $payload = jsi::Object(runtime);
C/C++:          ^
C/C++: /home/expo/workingdir/build/node_modules/react-native-screens/android/build/generated/source/codegen/jni/react/renderer/components/rnscreens/EventEmitters.cpp:38:5: warning: '$' in identifier [-Wdollar-in-identifier-extension]
C/C++:     $payload.setProperty(runtime, "dismissCount", $event.dismissCount);
C/C++:     ^
C/C++: /home/expo/workingdir/build/node_modules/react-native-screens/android/build/generated/source/codegen/jni/react/renderer/components/rnscreens/EventEmitters.cpp:38:51: warning: '$' in identifier [-Wdollar-in-identifier-extension]
C/C++:     $payload.setProperty(runtime, "dismissCount", $event.dismissCount);
C/C++:                                                   ^
C/C++: /home/expo/workingdir/build/node_modules/react-native-screens/android/build/generated/source/codegen/jni/react/renderer/components/rnscreens/EventEmitters.cpp:39:12: warning: '$' in identifier [-Wdollar-in-identifier-extension]
C/C++:     return $payload;
C/C++:            ^
C/C++: /home/expo/workingdir/build/node_modules/react-native-screens/android/build/generated/source/codegen/jni/react/renderer/components/rnscreens/EventEmitters.cpp:44:84: warning: '$' in identifier [-Wdollar-in-identifier-extension]
C/C++: void RNSModalScreenEventEmitter::onNativeDismissCancelled(OnNativeDismissCancelled $event) const {
C/C++:                                                                                    ^
C/C++: /home/expo/workingdir/build/node_modules/react-native-screens/android/build/generated/source/codegen/jni/react/renderer/components/rnscreens/EventEmitters.cpp:45:44: warning: '$' in identifier [-Wdollar-in-identifier-extension]
C/C++:   dispatchEvent("nativeDismissCancelled", [$event=std::move($event)](jsi::Runtime &runtime) {
C/C++:                                            ^
C/C++: /home/expo/workingdir/build/node_modules/react-native-screens/android/build/generated/source/codegen/jni/react/renderer/components/rnscreens/EventEmitters.cpp:45:61: warning: '$' in identifier [-Wdollar-in-identifier-extension]
C/C++:   dispatchEvent("nativeDismissCancelled", [$event=std::move($event)](jsi::Runtime &runtime) {
C/C++:                                                             ^
C/C++: /home/expo/workingdir/build/node_modules/react-native-screens/android/build/generated/source/codegen/jni/react/renderer/components/rnscreens/EventEmitters.cpp:46:10: warning: '$' in identifier [-Wdollar-in-identifier-extension]
C/C++:     auto $payload = jsi::Object(runtime);
C/C++:          ^
C/C++: /home/expo/workingdir/build/node_modules/react-native-screens/android/build/generated/source/codegen/jni/react/renderer/components/rnscreens/EventEmitters.cpp:47:5: warning: '$' in identifier [-Wdollar-in-identifier-extension]
C/C++:     $payload.setProperty(runtime, "dismissCount", $event.dismissCount);
C/C++:     ^
C/C++: /home/expo/workingdir/build/node_modules/react-native-screens/android/build/generated/source/codegen/jni/react/renderer/components/rnscreens/EventEmitters.cpp:47:51: warning: '$' in identifier [-Wdollar-in-identifier-extension]
C/C++:     $payload.setProperty(runtime, "dismissCount", $event.dismissCount);
C/C++:                                                   ^
C/C++: /home/expo/workingdir/build/node_modules/react-native-screens/android/build/generated/source/codegen/jni/react/renderer/components/rnscreens/EventEmitters.cpp:48:12: warning: '$' in identifier [-Wdollar-in-identifier-extension]
C/C++:     return $payload;
C/C++:            ^
C/C++: /home/expo/workingdir/build/node_modules/react-native-screens/android/build/generated/source/codegen/jni/react/renderer/components/rnscreens/EventEmitters.cpp:53:60: warning: '$' in identifier [-Wdollar-in-identifier-extension]
C/C++: void RNSModalScreenEventEmitter::onWillAppear(OnWillAppear $event) const {
C/C++:                                                            ^
C/C++: /home/expo/workingdir/build/node_modules/react-native-screens/android/build/generated/source/codegen/jni/react/renderer/components/rnscreens/EventEmitters.cpp:55:10: warning: '$' in identifier [-Wdollar-in-identifier-extension]
C/C++:     auto $payload = jsi::Object(runtime);
C/C++:          ^
C/C++: /home/expo/workingdir/build/node_modules/react-native-screens/android/build/generated/source/codegen/jni/react/renderer/components/rnscreens/EventEmitters.cpp:57:12: warning: '$' in identifier [-Wdollar-in-identifier-extension]
C/C++:     return $payload;
C/C++:            ^
C/C++: /home/expo/workingdir/build/node_modules/react-native-screens/android/build/generated/source/codegen/jni/react/renderer/components/rnscreens/EventEmitters.cpp:62:66: warning: '$' in identifier [-Wdollar-in-identifier-extension]
C/C++: void RNSModalScreenEventEmitter::onWillDisappear(OnWillDisappear $event) const {
C/C++:                                                                  ^
C/C++: /home/expo/workingdir/build/node_modules/react-native-screens/android/build/generated/source/codegen/jni/react/renderer/components/rnscreens/EventEmitters.cpp:64:10: warning: '$' in identifier [-Wdollar-in-identifier-extension]
C/C++:     auto $payload = jsi::Object(runtime);
C/C++:          ^
C/C++: /home/expo/workingdir/build/node_modules/react-native-screens/android/build/generated/source/codegen/jni/react/renderer/components/rnscreens/EventEmitters.cpp:66:12: warning: '$' in identifier [-Wdollar-in-identifier-extension]
C/C++:     return $payload;
C/C++:            ^
C/C++: /home/expo/workingdir/build/node_modules/react-native-screens/android/build/generated/source/codegen/jni/react/renderer/components/rnscreens/EventEmitters.cpp:71:76: warning: '$' in identifier [-Wdollar-in-identifier-extension]
C/C++: void RNSModalScreenEventEmitter::onHeaderHeightChange(OnHeaderHeightChange $event) const {
C/C++:                                                                            ^
C/C++: /home/expo/workingdir/build/node_modules/react-native-screens/android/build/generated/source/codegen/jni/react/renderer/components/rnscreens/EventEmitters.cpp:72:40: warning: '$' in identifier [-Wdollar-in-identifier-extension]
C/C++:   dispatchEvent("headerHeightChange", [$event=std::move($event)](jsi::Runtime &runtime) {
C/C++:                                        ^
C/C++: /home/expo/workingdir/build/node_modules/react-native-screens/android/build/generated/source/codegen/jni/react/renderer/components/rnscreens/EventEmitters.cpp:72:57: warning: '$' in identifier [-Wdollar-in-identifier-extension]
C/C++:   dispatchEvent("headerHeightChange", [$event=std::move($event)](jsi::Runtime &runtime) {
C/C++:                                                         ^
C/C++: /home/expo/workingdir/build/node_modules/react-native-screens/android/build/generated/source/codegen/jni/react/renderer/components/rnscreens/EventEmitters.cpp:73:10: warning: '$' in identifier [-Wdollar-in-identifier-extension]
C/C++:     auto $payload = jsi::Object(runtime);
C/C++:          ^
C/C++: /home/expo/workingdir/build/node_modules/react-native-screens/android/build/generated/source/codegen/jni/react/renderer/components/rnscreens/EventEmitters.cpp:74:5: warning: '$' in identifier [-Wdollar-in-identifier-extension]
C/C++:     $payload.setProperty(runtime, "headerHeight", $event.headerHeight);
C/C++:     ^
C/C++: /home/expo/workingdir/build/node_modules/react-native-screens/android/build/generated/source/codegen/jni/react/renderer/components/rnscreens/EventEmitters.cpp:74:51: warning: '$' in identifier [-Wdollar-in-identifier-extension]
C/C++:     $payload.setProperty(runtime, "headerHeight", $event.headerHeight);
C/C++:                                                   ^
C/C++: /home/expo/workingdir/build/node_modules/react-native-screens/android/build/generated/source/codegen/jni/react/renderer/components/rnscreens/EventEmitters.cpp:75:12: warning: '$' in identifier [-Wdollar-in-identifier-extension]
C/C++:     return $payload;
C/C++:            ^
C/C++: /home/expo/workingdir/build/node_modules/react-native-screens/android/build/generated/source/codegen/jni/react/renderer/components/rnscreens/EventEmitters.cpp:80:76: warning: '$' in identifier [-Wdollar-in-identifier-extension]
C/C++: void RNSModalScreenEventEmitter::onTransitionProgress(OnTransitionProgress $event) const {
C/C++:                                                                            ^
C/C++: /home/expo/workingdir/build/node_modules/react-native-screens/android/build/generated/source/codegen/jni/react/renderer/components/rnscreens/EventEmitters.cpp:81:40: warning: '$' in identifier [-Wdollar-in-identifier-extension]
C/C++:   dispatchEvent("transitionProgress", [$event=std::move($event)](jsi::Runtime &runtime) {
C/C++:                                        ^
C/C++: /home/expo/workingdir/build/node_modules/react-native-screens/android/build/generated/source/codegen/jni/react/renderer/components/rnscreens/EventEmitters.cpp:81:57: warning: '$' in identifier [-Wdollar-in-identifier-extension]
C/C++:   dispatchEvent("transitionProgress", [$event=std::move($event)](jsi::Runtime &runtime) {
C/C++:                                                         ^
C/C++: /home/expo/workingdir/build/node_modules/react-native-screens/android/build/generated/source/codegen/jni/react/renderer/components/rnscreens/EventEmitters.cpp:82:10: warning: '$' in identifier [-Wdollar-in-identifier-extension]
C/C++:     auto $payload = jsi::Object(runtime);
C/C++:          ^
C/C++: /home/expo/workingdir/build/node_modules/react-native-screens/android/build/generated/source/codegen/jni/react/renderer/components/rnscreens/EventEmitters.cpp:83:5: warning: '$' in identifier [-Wdollar-in-identifier-extension]
C/C++:     $payload.setProperty(runtime, "progress", $event.progress);
C/C++:     ^
C/C++: /home/expo/workingdir/build/node_modules/react-native-screens/android/build/generated/source/codegen/jni/react/renderer/components/rnscreens/EventEmitters.cpp:83:47: warning: '$' in identifier [-Wdollar-in-identifier-extension]
C/C++:     $payload.setProperty(runtime, "progress", $event.progress);
C/C++:                                               ^
C/C++: /home/expo/workingdir/build/node_modules/react-native-screens/android/build/generated/source/codegen/jni/react/renderer/components/rnscreens/EventEmitters.cpp:84:1: warning: '$' in identifier [-Wdollar-in-identifier-extension]
C/C++: $payload.setProperty(runtime, "closing", $event.closing);
C/C++: ^
C/C++: /home/expo/workingdir/build/node_modules/react-native-screens/android/build/generated/source/codegen/jni/react/renderer/components/rnscreens/EventEmitters.cpp:84:42: warning: '$' in identifier [-Wdollar-in-identifier-extension]
C/C++: $payload.setProperty(runtime, "closing", $event.closing);
C/C++:                                          ^
C/C++: /home/expo/workingdir/build/node_modules/react-native-screens/android/build/generated/source/codegen/jni/react/renderer/components/rnscreens/EventEmitters.cpp:85:1: warning: '$' in identifier [-Wdollar-in-identifier-extension]
C/C++: $payload.setProperty(runtime, "goingForward", $event.goingForward);
C/C++: ^
C/C++: /home/expo/workingdir/build/node_modules/react-native-screens/android/build/generated/source/codegen/jni/react/renderer/components/rnscreens/EventEmitters.cpp:85:47: warning: '$' in identifier [-Wdollar-in-identifier-extension]
C/C++: $payload.setProperty(runtime, "goingForward", $event.goingForward);
C/C++:                                               ^
C/C++: /home/expo/workingdir/build/node_modules/react-native-screens/android/build/generated/source/codegen/jni/react/renderer/components/rnscreens/EventEmitters.cpp:86:12: warning: '$' in identifier [-Wdollar-in-identifier-extension]
C/C++:     return $payload;
C/C++:            ^
C/C++: /home/expo/workingdir/build/node_modules/react-native-screens/android/build/generated/source/codegen/jni/react/renderer/components/rnscreens/EventEmitters.cpp:91:66: warning: '$' in identifier [-Wdollar-in-identifier-extension]
C/C++: void RNSModalScreenEventEmitter::onGestureCancel(OnGestureCancel $event) const {
C/C++:                                                                  ^
C/C++: /home/expo/workingdir/build/node_modules/react-native-screens/android/build/generated/source/codegen/jni/react/renderer/components/rnscreens/EventEmitters.cpp:93:10: warning: '$' in identifier [-Wdollar-in-identifier-extension]
C/C++:     auto $payload = jsi::Object(runtime);
C/C++:          ^
C/C++: /home/expo/workingdir/build/node_modules/react-native-screens/android/build/generated/source/codegen/jni/react/renderer/components/rnscreens/EventEmitters.cpp:95:12: warning: '$' in identifier [-Wdollar-in-identifier-extension]
C/C++:     return $payload;
C/C++:            ^
C/C++: /home/expo/workingdir/build/node_modules/react-native-screens/android/build/generated/source/codegen/jni/react/renderer/components/rnscreens/EventEmitters.cpp:100:86: warning: '$' in identifier [-Wdollar-in-identifier-extension]
C/C++: void RNSModalScreenEventEmitter::onHeaderBackButtonClicked(OnHeaderBackButtonClicked $event) const {
C/C++:                                                                                      ^
C/C++: /home/expo/workingdir/build/node_modules/react-native-screens/android/build/generated/source/codegen/jni/react/renderer/components/rnscreens/EventEmitters.cpp:102:10: warning: '$' in identifier [-Wdollar-in-identifier-extension]
C/C++:     auto $payload = jsi::Object(runtime);
C/C++:          ^
C/C++: /home/expo/workingdir/build/node_modules/react-native-screens/android/build/generated/source/codegen/jni/react/renderer/components/rnscreens/EventEmitters.cpp:104:12: warning: '$' in identifier [-Wdollar-in-identifier-extension]
C/C++:     return $payload;
C/C++:            ^
C/C++: /home/expo/workingdir/build/node_modules/react-native-screens/android/build/generated/source/codegen/jni/react/renderer/components/rnscreens/EventEmitters.cpp:109:76: warning: '$' in identifier [-Wdollar-in-identifier-extension]
C/C++: void RNSModalScreenEventEmitter::onSheetDetentChanged(OnSheetDetentChanged $event) const {
C/C++:                                                                            ^
C/C++: /home/expo/workingdir/build/node_modules/react-native-screens/android/build/generated/source/codegen/jni/react/renderer/components/rnscreens/EventEmitters.cpp:110:40: warning: '$' in identifier [-Wdollar-in-identifier-extension]
C/C++:   dispatchEvent("sheetDetentChanged", [$event=std::move($event)](jsi::Runtime &runtime) {
C/C++:                                        ^
C/C++: /home/expo/workingdir/build/node_modules/react-native-screens/android/build/generated/source/codegen/jni/react/renderer/components/rnscreens/EventEmitters.cpp:110:57: warning: '$' in identifier [-Wdollar-in-identifier-extension]
C/C++:   dispatchEvent("sheetDetentChanged", [$event=std::move($event)](jsi::Runtime &runtime) {
C/C++:                                                         ^
C/C++: /home/expo/workingdir/build/node_modules/react-native-screens/android/build/generated/source/codegen/jni/react/renderer/components/rnscreens/EventEmitters.cpp:111:10: warning: '$' in identifier [-Wdollar-in-identifier-extension]
C/C++:     auto $payload = jsi::Object(runtime);
C/C++:          ^
C/C++: /home/expo/workingdir/build/node_modules/react-native-screens/android/build/generated/source/codegen/jni/react/renderer/components/rnscreens/EventEmitters.cpp:112:5: warning: '$' in identifier [-Wdollar-in-identifier-extension]
C/C++:     $payload.setProperty(runtime, "index", $event.index);
C/C++:     ^
C/C++: /home/expo/workingdir/build/node_modules/react-native-screens/android/build/generated/source/codegen/jni/react/renderer/components/rnscreens/EventEmitters.cpp:112:44: warning: '$' in identifier [-Wdollar-in-identifier-extension]
C/C++:     $payload.setProperty(runtime, "index", $event.index);
C/C++:                                            ^
C/C++: /home/expo/workingdir/build/node_modules/react-native-screens/android/build/generated/source/codegen/jni/react/renderer/components/rnscreens/EventEmitters.cpp:113:1: warning: '$' in identifier [-Wdollar-in-identifier-extension]
C/C++: $payload.setProperty(runtime, "isStable", $event.isStable);
C/C++: ^
C/C++: /home/expo/workingdir/build/node_modules/react-native-screens/android/build/generated/source/codegen/jni/react/renderer/components/rnscreens/EventEmitters.cpp:113:43: warning: '$' in identifier [-Wdollar-in-identifier-extension]
C/C++: $payload.setProperty(runtime, "isStable", $event.isStable);
C/C++:                                           ^
C/C++: /home/expo/workingdir/build/node_modules/react-native-screens/android/build/generated/source/codegen/jni/react/renderer/components/rnscreens/EventEmitters.cpp:114:12: warning: '$' in identifier [-Wdollar-in-identifier-extension]
C/C++:     return $payload;
C/C++:            ^
C/C++: /home/expo/workingdir/build/node_modules/react-native-screens/android/build/generated/source/codegen/jni/react/renderer/components/rnscreens/EventEmitters.cpp:122:47: warning: '$' in identifier [-Wdollar-in-identifier-extension]
C/C++: void RNSScreenEventEmitter::onAppear(OnAppear $event) const {
C/C++:                                               ^
C/C++: /home/expo/workingdir/build/node_modules/react-native-screens/android/build/generated/source/codegen/jni/react/renderer/components/rnscreens/EventEmitters.cpp:124:10: warning: '$' in identifier [-Wdollar-in-identifier-extension]
C/C++:     auto $payload = jsi::Object(runtime);
C/C++:          ^
C/C++: /home/expo/workingdir/build/node_modules/react-native-screens/android/build/generated/source/codegen/jni/react/renderer/components/rnscreens/EventEmitters.cpp:126:12: warning: '$' in identifier [-Wdollar-in-identifier-extension]
C/C++:     return $payload;
C/C++:            ^
C/C++: /home/expo/workingdir/build/node_modules/react-native-screens/android/build/generated/source/codegen/jni/react/renderer/components/rnscreens/EventEmitters.cpp:131:53: warning: '$' in identifier [-Wdollar-in-identifier-extension]
C/C++: void RNSScreenEventEmitter::onDisappear(OnDisappear $event) const {
C/C++:                                                     ^
C/C++: /home/expo/workingdir/build/node_modules/react-native-screens/android/build/generated/source/codegen/jni/react/renderer/components/rnscreens/EventEmitters.cpp:133:10: warning: '$' in identifier [-Wdollar-in-identifier-extension]
C/C++:     auto $payload = jsi::Object(runtime);
C/C++:          ^
C/C++: /home/expo/workingdir/build/node_modules/react-native-screens/android/build/generated/source/codegen/jni/react/renderer/components/rnscreens/EventEmitters.cpp:135:12: warning: '$' in identifier [-Wdollar-in-identifier-extension]
C/C++:     return $payload;
C/C++:            ^
C/C++: /home/expo/workingdir/build/node_modules/react-native-screens/android/build/generated/source/codegen/jni/react/renderer/components/rnscreens/EventEmitters.cpp:140:53: warning: '$' in identifier [-Wdollar-in-identifier-extension]
C/C++: void RNSScreenEventEmitter::onDismissed(OnDismissed $event) const {
C/C++:                                                     ^
C/C++: /home/expo/workingdir/build/node_modules/react-native-screens/android/build/generated/source/codegen/jni/react/renderer/components/rnscreens/EventEmitters.cpp:141:31: warning: '$' in identifier [-Wdollar-in-identifier-extension]
C/C++:   dispatchEvent("dismissed", [$event=std::move($event)](jsi::Runtime &runtime) {
C/C++:                               ^
C/C++: /home/expo/workingdir/build/node_modules/react-native-screens/android/build/generated/source/codegen/jni/react/renderer/components/rnscreens/EventEmitters.cpp:141:48: warning: '$' in identifier [-Wdollar-in-identifier-extension]
C/C++:   dispatchEvent("dismissed", [$event=std::move($event)](jsi::Runtime &runtime) {
C/C++:                                                ^
C/C++: /home/expo/workingdir/build/node_modules/react-native-screens/android/build/generated/source/codegen/jni/react/renderer/components/rnscreens/EventEmitters.cpp:142:10: warning: '$' in identifier [-Wdollar-in-identifier-extension]
C/C++:     auto $payload = jsi::Object(runtime);
C/C++:          ^
C/C++: /home/expo/workingdir/build/node_modules/react-native-screens/android/build/generated/source/codegen/jni/react/renderer/components/rnscreens/EventEmitters.cpp:143:5: warning: '$' in identifier [-Wdollar-in-identifier-extension]
C/C++:     $payload.setProperty(runtime, "dismissCount", $event.dismissCount);
C/C++:     ^
C/C++: /home/expo/workingdir/build/node_modules/react-native-screens/android/build/generated/source/codegen/jni/react/renderer/components/rnscreens/EventEmitters.cpp:143:51: warning: '$' in identifier [-Wdollar-in-identifier-extension]
C/C++:     $payload.setProperty(runtime, "dismissCount", $event.dismissCount);
C/C++:                                                   ^
C/C++: /home/expo/workingdir/build/node_modules/react-native-screens/android/build/generated/source/codegen/jni/react/renderer/components/rnscreens/EventEmitters.cpp:144:12: warning: '$' in identifier [-Wdollar-in-identifier-extension]
C/C++:     return $payload;
C/C++:            ^
C/C++: /home/expo/workingdir/build/node_modules/react-native-screens/android/build/generated/source/codegen/jni/react/renderer/components/rnscreens/EventEmitters.cpp:149:79: warning: '$' in identifier [-Wdollar-in-identifier-extension]
C/C++: void RNSScreenEventEmitter::onNativeDismissCancelled(OnNativeDismissCancelled $event) const {
C/C++:                                                                               ^
C/C++: /home/expo/workingdir/build/node_modules/react-native-screens/android/build/generated/source/codegen/jni/react/renderer/components/rnscreens/EventEmitters.cpp:150:44: warning: '$' in identifier [-Wdollar-in-identifier-extension]
C/C++:   dispatchEvent("nativeDismissCancelled", [$event=std::move($event)](jsi::Runtime &runtime) {
C/C++:                                            ^
C/C++: /home/expo/workingdir/build/node_modules/react-native-screens/android/build/generated/source/codegen/jni/react/renderer/components/rnscreens/EventEmitters.cpp:150:61: warning: '$' in identifier [-Wdollar-in-identifier-extension]
C/C++:   dispatchEvent("nativeDismissCancelled", [$event=std::move($event)](jsi::Runtime &runtime) {
C/C++:                                                             ^
C/C++: /home/expo/workingdir/build/node_modules/react-native-screens/android/build/generated/source/codegen/jni/react/renderer/components/rnscreens/EventEmitters.cpp:151:10: warning: '$' in identifier [-Wdollar-in-identifier-extension]
C/C++:     auto $payload = jsi::Object(runtime);
C/C++:          ^
C/C++: /home/expo/workingdir/build/node_modules/react-native-screens/android/build/generated/source/codegen/jni/react/renderer/components/rnscreens/EventEmitters.cpp:152:5: warning: '$' in identifier [-Wdollar-in-identifier-extension]
C/C++:     $payload.setProperty(runtime, "dismissCount", $event.dismissCount);
C/C++:     ^
C/C++: /home/expo/workingdir/build/node_modules/react-native-screens/android/build/generated/source/codegen/jni/react/renderer/components/rnscreens/EventEmitters.cpp:152:51: warning: '$' in identifier [-Wdollar-in-identifier-extension]
C/C++:     $payload.setProperty(runtime, "dismissCount", $event.dismissCount);
C/C++:                                                   ^
C/C++: /home/expo/workingdir/build/node_modules/react-native-screens/android/build/generated/source/codegen/jni/react/renderer/components/rnscreens/EventEmitters.cpp:153:12: warning: '$' in identifier [-Wdollar-in-identifier-extension]
C/C++:     return $payload;
C/C++:            ^
C/C++: /home/expo/workingdir/build/node_modules/react-native-screens/android/build/generated/source/codegen/jni/react/renderer/components/rnscreens/EventEmitters.cpp:158:55: warning: '$' in identifier [-Wdollar-in-identifier-extension]
C/C++: void RNSScreenEventEmitter::onWillAppear(OnWillAppear $event) const {
C/C++:                                                       ^
C/C++: /home/expo/workingdir/build/node_modules/react-native-screens/android/build/generated/source/codegen/jni/react/renderer/components/rnscreens/EventEmitters.cpp:160:10: warning: '$' in identifier [-Wdollar-in-identifier-extension]
C/C++:     auto $payload = jsi::Object(runtime);
C/C++:          ^
C/C++: /home/expo/workingdir/build/node_modules/react-native-screens/android/build/generated/source/codegen/jni/react/renderer/components/rnscreens/EventEmitters.cpp:162:12: warning: '$' in identifier [-Wdollar-in-identifier-extension]
C/C++:     return $payload;
C/C++:            ^
C/C++: /home/expo/workingdir/build/node_modules/react-native-screens/android/build/generated/source/codegen/jni/react/renderer/components/rnscreens/EventEmitters.cpp:167:61: warning: '$' in identifier [-Wdollar-in-identifier-extension]
C/C++: void RNSScreenEventEmitter::onWillDisappear(OnWillDisappear $event) const {
C/C++:                                                             ^
C/C++: /home/expo/workingdir/build/node_modules/react-native-screens/android/build/generated/source/codegen/jni/react/renderer/components/rnscreens/EventEmitters.cpp:169:10: warning: '$' in identifier [-Wdollar-in-identifier-extension]
C/C++:     auto $payload = jsi::Object(runtime);
C/C++:          ^
C/C++: /home/expo/workingdir/build/node_modules/react-native-screens/android/build/generated/source/codegen/jni/react/renderer/components/rnscreens/EventEmitters.cpp:171:12: warning: '$' in identifier [-Wdollar-in-identifier-extension]
C/C++:     return $payload;
C/C++:            ^
C/C++: /home/expo/workingdir/build/node_modules/react-native-screens/android/build/generated/source/codegen/jni/react/renderer/components/rnscreens/EventEmitters.cpp:176:71: warning: '$' in identifier [-Wdollar-in-identifier-extension]
C/C++: void RNSScreenEventEmitter::onHeaderHeightChange(OnHeaderHeightChange $event) const {
C/C++:                                                                       ^
C/C++: /home/expo/workingdir/build/node_modules/react-native-screens/android/build/generated/source/codegen/jni/react/renderer/components/rnscreens/EventEmitters.cpp:177:40: warning: '$' in identifier [-Wdollar-in-identifier-extension]
C/C++:   dispatchEvent("headerHeightChange", [$event=std::move($event)](jsi::Runtime &runtime) {
C/C++:                                        ^
C/C++: /home/expo/workingdir/build/node_modules/react-native-screens/android/build/generated/source/codegen/jni/react/renderer/components/rnscreens/EventEmitters.cpp:177:57: warning: '$' in identifier [-Wdollar-in-identifier-extension]
C/C++:   dispatchEvent("headerHeightChange", [$event=std::move($event)](jsi::Runtime &runtime) {
C/C++:                                                         ^
C/C++: /home/expo/workingdir/build/node_modules/react-native-screens/android/build/generated/source/codegen/jni/react/renderer/components/rnscreens/EventEmitters.cpp:178:10: warning: '$' in identifier [-Wdollar-in-identifier-extension]
C/C++:     auto $payload = jsi::Object(runtime);
C/C++:          ^
C/C++: /home/expo/workingdir/build/node_modules/react-native-screens/android/build/generated/source/codegen/jni/react/renderer/components/rnscreens/EventEmitters.cpp:179:5: warning: '$' in identifier [-Wdollar-in-identifier-extension]
C/C++:     $payload.setProperty(runtime, "headerHeight", $event.headerHeight);
C/C++:     ^
C/C++: /home/expo/workingdir/build/node_modules/react-native-screens/android/build/generated/source/codegen/jni/react/renderer/components/rnscreens/EventEmitters.cpp:179:51: warning: '$' in identifier [-Wdollar-in-identifier-extension]
C/C++:     $payload.setProperty(runtime, "headerHeight", $event.headerHeight);
C/C++:                                                   ^
C/C++: /home/expo/workingdir/build/node_modules/react-native-screens/android/build/generated/source/codegen/jni/react/renderer/components/rnscreens/EventEmitters.cpp:180:12: warning: '$' in identifier [-Wdollar-in-identifier-extension]
C/C++:     return $payload;
C/C++:            ^
C/C++: /home/expo/workingdir/build/node_modules/react-native-screens/android/build/generated/source/codegen/jni/react/renderer/components/rnscreens/EventEmitters.cpp:185:71: warning: '$' in identifier [-Wdollar-in-identifier-extension]
C/C++: void RNSScreenEventEmitter::onTransitionProgress(OnTransitionProgress $event) const {
C/C++:                                                                       ^
C/C++: /home/expo/workingdir/build/node_modules/react-native-screens/android/build/generated/source/codegen/jni/react/renderer/components/rnscreens/EventEmitters.cpp:186:40: warning: '$' in identifier [-Wdollar-in-identifier-extension]
C/C++:   dispatchEvent("transitionProgress", [$event=std::move($event)](jsi::Runtime &runtime) {
C/C++:                                        ^
C/C++: /home/expo/workingdir/build/node_modules/react-native-screens/android/build/generated/source/codegen/jni/react/renderer/components/rnscreens/EventEmitters.cpp:186:57: warning: '$' in identifier [-Wdollar-in-identifier-extension]
C/C++:   dispatchEvent("transitionProgress", [$event=std::move($event)](jsi::Runtime &runtime) {
C/C++:                                                         ^
C/C++: /home/expo/workingdir/build/node_modules/react-native-screens/android/build/generated/source/codegen/jni/react/renderer/components/rnscreens/EventEmitters.cpp:187:10: warning: '$' in identifier [-Wdollar-in-identifier-extension]
C/C++:     auto $payload = jsi::Object(runtime);
C/C++:          ^
C/C++: /home/expo/workingdir/build/node_modules/react-native-screens/android/build/generated/source/codegen/jni/react/renderer/components/rnscreens/EventEmitters.cpp:188:5: warning: '$' in identifier [-Wdollar-in-identifier-extension]
C/C++:     $payload.setProperty(runtime, "progress", $event.progress);
C/C++:     ^
C/C++: /home/expo/workingdir/build/node_modules/react-native-screens/android/build/generated/source/codegen/jni/react/renderer/components/rnscreens/EventEmitters.cpp:188:47: warning: '$' in identifier [-Wdollar-in-identifier-extension]
C/C++:     $payload.setProperty(runtime, "progress", $event.progress);
C/C++:                                               ^
C/C++: /home/expo/workingdir/build/node_modules/react-native-screens/android/build/generated/source/codegen/jni/react/renderer/components/rnscreens/EventEmitters.cpp:189:1: warning: '$' in identifier [-Wdollar-in-identifier-extension]
C/C++: $payload.setProperty(runtime, "closing", $event.closing);
C/C++: ^
C/C++: /home/expo/workingdir/build/node_modules/react-native-screens/android/build/generated/source/codegen/jni/react/renderer/components/rnscreens/EventEmitters.cpp:189:42: warning: '$' in identifier [-Wdollar-in-identifier-extension]
C/C++: $payload.setProperty(runtime, "closing", $event.closing);
C/C++:                                          ^
C/C++: /home/expo/workingdir/build/node_modules/react-native-screens/android/build/generated/source/codegen/jni/react/renderer/components/rnscreens/EventEmitters.cpp:190:1: warning: '$' in identifier [-Wdollar-in-identifier-extension]
C/C++: $payload.setProperty(runtime, "goingForward", $event.goingForward);
C/C++: ^
C/C++: /home/expo/workingdir/build/node_modules/react-native-screens/android/build/generated/source/codegen/jni/react/renderer/components/rnscreens/EventEmitters.cpp:190:47: warning: '$' in identifier [-Wdollar-in-identifier-extension]
C/C++: $payload.setProperty(runtime, "goingForward", $event.goingForward);
C/C++:                                               ^
C/C++: /home/expo/workingdir/build/node_modules/react-native-screens/android/build/generated/source/codegen/jni/react/renderer/components/rnscreens/EventEmitters.cpp:191:12: warning: '$' in identifier [-Wdollar-in-identifier-extension]
C/C++:     return $payload;
C/C++:            ^
C/C++: /home/expo/workingdir/build/node_modules/react-native-screens/android/build/generated/source/codegen/jni/react/renderer/components/rnscreens/EventEmitters.cpp:196:61: warning: '$' in identifier [-Wdollar-in-identifier-extension]
C/C++: void RNSScreenEventEmitter::onGestureCancel(OnGestureCancel $event) const {
C/C++:                                                             ^
C/C++: /home/expo/workingdir/build/node_modules/react-native-screens/android/build/generated/source/codegen/jni/react/renderer/components/rnscreens/EventEmitters.cpp:198:10: warning: '$' in identifier [-Wdollar-in-identifier-extension]
C/C++:     auto $payload = jsi::Object(runtime);
C/C++:          ^
C/C++: /home/expo/workingdir/build/node_modules/react-native-screens/android/build/generated/source/codegen/jni/react/renderer/components/rnscreens/EventEmitters.cpp:200:12: warning: '$' in identifier [-Wdollar-in-identifier-extension]
C/C++:     return $payload;
C/C++:            ^
C/C++: /home/expo/workingdir/build/node_modules/react-native-screens/android/build/generated/source/codegen/jni/react/renderer/components/rnscreens/EventEmitters.cpp:205:81: warning: '$' in identifier [-Wdollar-in-identifier-extension]
C/C++: void RNSScreenEventEmitter::onHeaderBackButtonClicked(OnHeaderBackButtonClicked $event) const {
C/C++:                                                                                 ^
C/C++: /home/expo/workingdir/build/node_modules/react-native-screens/android/build/generated/source/codegen/jni/react/renderer/components/rnscreens/EventEmitters.cpp:207:10: warning: '$' in identifier [-Wdollar-in-identifier-extension]
C/C++:     auto $payload = jsi::Object(runtime);
C/C++:          ^
C/C++: /home/expo/workingdir/build/node_modules/react-native-screens/android/build/generated/source/codegen/jni/react/renderer/components/rnscreens/EventEmitters.cpp:209:12: warning: '$' in identifier [-Wdollar-in-identifier-extension]
C/C++:     return $payload;
C/C++:            ^
C/C++: /home/expo/workingdir/build/node_modules/react-native-screens/android/build/generated/source/codegen/jni/react/renderer/components/rnscreens/EventEmitters.cpp:214:71: warning: '$' in identifier [-Wdollar-in-identifier-extension]
C/C++: void RNSScreenEventEmitter::onSheetDetentChanged(OnSheetDetentChanged $event) const {
C/C++:                                                                       ^
C/C++: /home/expo/workingdir/build/node_modules/react-native-screens/android/build/generated/source/codegen/jni/react/renderer/components/rnscreens/EventEmitters.cpp:215:40: warning: '$' in identifier [-Wdollar-in-identifier-extension]
C/C++:   dispatchEvent("sheetDetentChanged", [$event=std::move($event)](jsi::Runtime &runtime) {
C/C++:                                        ^
C/C++: /home/expo/workingdir/build/node_modules/react-native-screens/android/build/generated/source/codegen/jni/react/renderer/components/rnscreens/EventEmitters.cpp:215:57: warning: '$' in identifier [-Wdollar-in-identifier-extension]
C/C++:   dispatchEvent("sheetDetentChanged", [$event=std::move($event)](jsi::Runtime &runtime) {
C/C++:                                                         ^
C/C++: /home/expo/workingdir/build/node_modules/react-native-screens/android/build/generated/source/codegen/jni/react/renderer/components/rnscreens/EventEmitters.cpp:216:10: warning: '$' in identifier [-Wdollar-in-identifier-extension]
C/C++:     auto $payload = jsi::Object(runtime);
C/C++:          ^
C/C++: /home/expo/workingdir/build/node_modules/react-native-screens/android/build/generated/source/codegen/jni/react/renderer/components/rnscreens/EventEmitters.cpp:217:5: warning: '$' in identifier [-Wdollar-in-identifier-extension]
C/C++:     $payload.setProperty(runtime, "index", $event.index);
C/C++:     ^
C/C++: /home/expo/workingdir/build/node_modules/react-native-screens/android/build/generated/source/codegen/jni/react/renderer/components/rnscreens/EventEmitters.cpp:217:44: warning: '$' in identifier [-Wdollar-in-identifier-extension]
C/C++:     $payload.setProperty(runtime, "index", $event.index);
C/C++:                                            ^
C/C++: /home/expo/workingdir/build/node_modules/react-native-screens/android/build/generated/source/codegen/jni/react/renderer/components/rnscreens/EventEmitters.cpp:218:1: warning: '$' in identifier [-Wdollar-in-identifier-extension]
C/C++: $payload.setProperty(runtime, "isStable", $event.isStable);
C/C++: ^
C/C++: /home/expo/workingdir/build/node_modules/react-native-screens/android/build/generated/source/codegen/jni/react/renderer/components/rnscreens/EventEmitters.cpp:218:43: warning: '$' in identifier [-Wdollar-in-identifier-extension]
C/C++: $payload.setProperty(runtime, "isStable", $event.isStable);
C/C++:                                           ^
C/C++: /home/expo/workingdir/build/node_modules/react-native-screens/android/build/generated/source/codegen/jni/react/renderer/components/rnscreens/EventEmitters.cpp:219:12: warning: '$' in identifier [-Wdollar-in-identifier-extension]
C/C++:     return $payload;
C/C++:            ^
C/C++: /home/expo/workingdir/build/node_modules/react-native-screens/android/build/generated/source/codegen/jni/react/renderer/components/rnscreens/EventEmitters.cpp:225:68: warning: '$' in identifier [-Wdollar-in-identifier-extension]
C/C++: void RNSScreenStackHeaderConfigEventEmitter::onAttached(OnAttached $event) const {
C/C++:                                                                    ^
C/C++: /home/expo/workingdir/build/node_modules/react-native-screens/android/build/generated/source/codegen/jni/react/renderer/components/rnscreens/EventEmitters.cpp:227:10: warning: '$' in identifier [-Wdollar-in-identifier-extension]
C/C++:     auto $payload = jsi::Object(runtime);
C/C++:          ^
C/C++: /home/expo/workingdir/build/node_modules/react-native-screens/android/build/generated/source/codegen/jni/react/renderer/components/rnscreens/EventEmitters.cpp:229:12: warning: '$' in identifier [-Wdollar-in-identifier-extension]
C/C++:     return $payload;
C/C++:            ^
C/C++: /home/expo/workingdir/build/node_modules/react-native-screens/android/build/generated/source/codegen/jni/react/renderer/components/rnscreens/EventEmitters.cpp:234:68: warning: '$' in identifier [-Wdollar-in-identifier-extension]
C/C++: void RNSScreenStackHeaderConfigEventEmitter::onDetached(OnDetached $event) const {
C/C++:                                                                    ^
C/C++: /home/expo/workingdir/build/node_modules/react-native-screens/android/build/generated/source/codegen/jni/react/renderer/components/rnscreens/EventEmitters.cpp:236:10: warning: '$' in identifier [-Wdollar-in-identifier-extension]
C/C++:     auto $payload = jsi::Object(runtime);
C/C++:          ^
C/C++: /home/expo/workingdir/build/node_modules/react-native-screens/android/build/generated/source/codegen/jni/react/renderer/components/rnscreens/EventEmitters.cpp:238:12: warning: '$' in identifier [-Wdollar-in-identifier-extension]
C/C++:     return $payload;
C/C++:            ^
C/C++: /home/expo/workingdir/build/node_modules/react-native-screens/android/build/generated/source/codegen/jni/react/renderer/components/rnscreens/EventEmitters.cpp:244:78: warning: '$' in identifier [-Wdollar-in-identifier-extension]
C/C++: void RNSScreenStackEventEmitter::onFinishTransitioning(OnFinishTransitioning $event) const {
C/C++:                                                                              ^
C/C++: /home/expo/workingdir/build/node_modules/react-native-screens/android/build/generated/source/codegen/jni/react/renderer/components/rnscreens/EventEmitters.cpp:246:10: warning: '$' in identifier [-Wdollar-in-identifier-extension]
C/C++:     auto $payload = jsi::Object(runtime);
C/C++:          ^
C/C++: /home/expo/workingdir/build/node_modules/react-native-screens/android/build/generated/source/codegen/jni/react/renderer/components/rnscreens/EventEmitters.cpp:248:12: warning: '$' in identifier [-Wdollar-in-identifier-extension]
C/C++:     return $payload;
C/C++:            ^
C/C++: /home/expo/workingdir/build/node_modules/react-native-screens/android/build/generated/source/codegen/jni/react/renderer/components/rnscreens/EventEmitters.cpp:253:60: warning: '$' in identifier [-Wdollar-in-identifier-extension]
C/C++: void RNSSearchBarEventEmitter::onSearchFocus(OnSearchFocus $event) const {
C/C++:                                                            ^
C/C++: /home/expo/workingdir/build/node_modules/react-native-screens/android/build/generated/source/codegen/jni/react/renderer/components/rnscreens/EventEmitters.cpp:255:10: warning: '$' in identifier [-Wdollar-in-identifier-extension]
C/C++:     auto $payload = jsi::Object(runtime);
C/C++:          ^
C/C++: /home/expo/workingdir/build/node_modules/react-native-screens/android/build/generated/source/codegen/jni/react/renderer/components/rnscreens/EventEmitters.cpp:257:12: warning: '$' in identifier [-Wdollar-in-identifier-extension]
C/C++:     return $payload;
C/C++:            ^
C/C++: /home/expo/workingdir/build/node_modules/react-native-screens/android/build/generated/source/codegen/jni/react/renderer/components/rnscreens/EventEmitters.cpp:262:58: warning: '$' in identifier [-Wdollar-in-identifier-extension]
C/C++: void RNSSearchBarEventEmitter::onSearchBlur(OnSearchBlur $event) const {
C/C++:                                                          ^
C/C++: /home/expo/workingdir/build/node_modules/react-native-screens/android/build/generated/source/codegen/jni/react/renderer/components/rnscreens/EventEmitters.cpp:264:10: warning: '$' in identifier [-Wdollar-in-identifier-extension]
C/C++:     auto $payload = jsi::Object(runtime);
C/C++:          ^
C/C++: /home/expo/workingdir/build/node_modules/react-native-screens/android/build/generated/source/codegen/jni/react/renderer/components/rnscreens/EventEmitters.cpp:266:12: warning: '$' in identifier [-Wdollar-in-identifier-extension]
C/C++:     return $payload;
C/C++:            ^
C/C++: /home/expo/workingdir/build/node_modules/react-native-screens/android/build/generated/source/codegen/jni/react/renderer/components/rnscreens/EventEmitters.cpp:271:72: warning: '$' in identifier [-Wdollar-in-identifier-extension]
C/C++: void RNSSearchBarEventEmitter::onSearchButtonPress(OnSearchButtonPress $event) const {
C/C++:                                                                        ^
C/C++: /home/expo/workingdir/build/node_modules/react-native-screens/android/build/generated/source/codegen/jni/react/renderer/components/rnscreens/EventEmitters.cpp:272:39: warning: '$' in identifier [-Wdollar-in-identifier-extension]
C/C++:   dispatchEvent("searchButtonPress", [$event=std::move($event)](jsi::Runtime &runtime) {
C/C++:                                       ^
C/C++: /home/expo/workingdir/build/node_modules/react-native-screens/android/build/generated/source/codegen/jni/react/renderer/components/rnscreens/EventEmitters.cpp:272:56: warning: '$' in identifier [-Wdollar-in-identifier-extension]
C/C++:   dispatchEvent("searchButtonPress", [$event=std::move($event)](jsi::Runtime &runtime) {
C/C++:                                                        ^
C/C++: /home/expo/workingdir/build/node_modules/react-native-screens/android/build/generated/source/codegen/jni/react/renderer/components/rnscreens/EventEmitters.cpp:273:10: warning: '$' in identifier [-Wdollar-in-identifier-extension]
C/C++:     auto $payload = jsi::Object(runtime);
C/C++:          ^
C/C++: /home/expo/workingdir/build/node_modules/react-native-screens/android/build/generated/source/codegen/jni/react/renderer/components/rnscreens/EventEmitters.cpp:274:5: warning: '$' in identifier [-Wdollar-in-identifier-extension]
C/C++:     $payload.setProperty(runtime, "text", $event.text);
C/C++:     ^
C/C++: /home/expo/workingdir/build/node_modules/react-native-screens/android/build/generated/source/codegen/jni/react/renderer/components/rnscreens/EventEmitters.cpp:274:43: warning: '$' in identifier [-Wdollar-in-identifier-extension]
C/C++:     $payload.setProperty(runtime, "text", $event.text);
C/C++:                                           ^
C/C++: /home/expo/workingdir/build/node_modules/react-native-screens/android/build/generated/source/codegen/jni/react/renderer/components/rnscreens/EventEmitters.cpp:275:12: warning: '$' in identifier [-Wdollar-in-identifier-extension]
C/C++:     return $payload;
C/C++:            ^
C/C++: /home/expo/workingdir/build/node_modules/react-native-screens/android/build/generated/source/codegen/jni/react/renderer/components/rnscreens/EventEmitters.cpp:280:72: warning: '$' in identifier [-Wdollar-in-identifier-extension]
C/C++: void RNSSearchBarEventEmitter::onCancelButtonPress(OnCancelButtonPress $event) const {
C/C++:                                                                        ^
C/C++: /home/expo/workingdir/build/node_modules/react-native-screens/android/build/generated/source/codegen/jni/react/renderer/components/rnscreens/EventEmitters.cpp:282:10: warning: '$' in identifier [-Wdollar-in-identifier-extension]
C/C++:     auto $payload = jsi::Object(runtime);
C/C++:          ^
C/C++: /home/expo/workingdir/build/node_modules/react-native-screens/android/build/generated/source/codegen/jni/react/renderer/components/rnscreens/EventEmitters.cpp:284:12: warning: '$' in identifier [-Wdollar-in-identifier-extension]
C/C++:     return $payload;
C/C++:            ^
C/C++: /home/expo/workingdir/build/node_modules/react-native-screens/android/build/generated/source/codegen/jni/react/renderer/components/rnscreens/EventEmitters.cpp:289:58: warning: '$' in identifier [-Wdollar-in-identifier-extension]
C/C++: void RNSSearchBarEventEmitter::onChangeText(OnChangeText $event) const {
C/C++:                                                          ^
C/C++: /home/expo/workingdir/build/node_modules/react-native-screens/android/build/generated/source/codegen/jni/react/renderer/components/rnscreens/EventEmitters.cpp:290:32: warning: '$' in identifier [-Wdollar-in-identifier-extension]
C/C++:   dispatchEvent("changeText", [$event=std::move($event)](jsi::Runtime &runtime) {
C/C++:                                ^
C/C++: /home/expo/workingdir/build/node_modules/react-native-screens/android/build/generated/source/codegen/jni/react/renderer/components/rnscreens/EventEmitters.cpp:290:49: warning: '$' in identifier [-Wdollar-in-identifier-extension]
C/C++:   dispatchEvent("changeText", [$event=std::move($event)](jsi::Runtime &runtime) {
C/C++:                                                 ^
C/C++: /home/expo/workingdir/build/node_modules/react-native-screens/android/build/generated/source/codegen/jni/react/renderer/components/rnscreens/EventEmitters.cpp:291:10: warning: '$' in identifier [-Wdollar-in-identifier-extension]
C/C++:     auto $payload = jsi::Object(runtime);
C/C++:          ^
C/C++: /home/expo/workingdir/build/node_modules/react-native-screens/android/build/generated/source/codegen/jni/react/renderer/components/rnscreens/EventEmitters.cpp:292:5: warning: '$' in identifier [-Wdollar-in-identifier-extension]
C/C++:     $payload.setProperty(runtime, "text", $event.text);
C/C++:     ^
C/C++: /home/expo/workingdir/build/node_modules/react-native-screens/android/build/generated/source/codegen/jni/react/renderer/components/rnscreens/EventEmitters.cpp:292:43: warning: '$' in identifier [-Wdollar-in-identifier-extension]
C/C++:     $payload.setProperty(runtime, "text", $event.text);
C/C++:                                           ^
C/C++: /home/expo/workingdir/build/node_modules/react-native-screens/android/build/generated/source/codegen/jni/react/renderer/components/rnscreens/EventEmitters.cpp:293:12: warning: '$' in identifier [-Wdollar-in-identifier-extension]
C/C++:     return $payload;
C/C++:            ^
C/C++: /home/expo/workingdir/build/node_modules/react-native-screens/android/build/generated/source/codegen/jni/react/renderer/components/rnscreens/EventEmitters.cpp:298:48: warning: '$' in identifier [-Wdollar-in-identifier-extension]
C/C++: void RNSSearchBarEventEmitter::onClose(OnClose $event) const {
C/C++:                                                ^
C/C++: /home/expo/workingdir/build/node_modules/react-native-screens/android/build/generated/source/codegen/jni/react/renderer/components/rnscreens/EventEmitters.cpp:300:10: warning: '$' in identifier [-Wdollar-in-identifier-extension]
C/C++:     auto $payload = jsi::Object(runtime);
C/C++:          ^
C/C++: /home/expo/workingdir/build/node_modules/react-native-screens/android/build/generated/source/codegen/jni/react/renderer/components/rnscreens/EventEmitters.cpp:302:12: warning: '$' in identifier [-Wdollar-in-identifier-extension]
C/C++:     return $payload;
C/C++:            ^
C/C++: /home/expo/workingdir/build/node_modules/react-native-screens/android/build/generated/source/codegen/jni/react/renderer/components/rnscreens/EventEmitters.cpp:307:46: warning: '$' in identifier [-Wdollar-in-identifier-extension]
C/C++: void RNSSearchBarEventEmitter::onOpen(OnOpen $event) const {
C/C++:                                              ^
C/C++: /home/expo/workingdir/build/node_modules/react-native-screens/android/build/generated/source/codegen/jni/react/renderer/components/rnscreens/EventEmitters.cpp:309:10: warning: '$' in identifier [-Wdollar-in-identifier-extension]
C/C++:     auto $payload = jsi::Object(runtime);
C/C++:          ^
C/C++: /home/expo/workingdir/build/node_modules/react-native-screens/android/build/generated/source/codegen/jni/react/renderer/components/rnscreens/EventEmitters.cpp:311:12: warning: '$' in identifier [-Wdollar-in-identifier-extension]
C/C++:     return $payload;
C/C++:            ^
C/C++: 156 warnings generated.
C/C++: /home/expo/workingdir/build/node_modules/react-native-svg/android/build/generated/source/codegen/jni/react/renderer/components/rnsvg/EventEmitters.cpp:30:44: warning: '$' in identifier [-Wdollar-in-identifier-extension]
C/C++: void RNSVGImageEventEmitter::onLoad(OnLoad $event) const {
C/C++:                                            ^
C/C++: /home/expo/workingdir/build/node_modules/react-native-svg/android/build/generated/source/codegen/jni/react/renderer/components/rnsvg/EventEmitters.cpp:31:26: warning: '$' in identifier [-Wdollar-in-identifier-extension]
C/C++:   dispatchEvent("load", [$event=std::move($event)](jsi::Runtime &runtime) {
C/C++:                          ^
C/C++: /home/expo/workingdir/build/node_modules/react-native-svg/android/build/generated/source/codegen/jni/react/renderer/components/rnsvg/EventEmitters.cpp:31:43: warning: '$' in identifier [-Wdollar-in-identifier-extension]
C/C++:   dispatchEvent("load", [$event=std::move($event)](jsi::Runtime &runtime) {
C/C++:                                           ^
C/C++: /home/expo/workingdir/build/node_modules/react-native-svg/android/build/generated/source/codegen/jni/react/renderer/components/rnsvg/EventEmitters.cpp:32:10: warning: '$' in identifier [-Wdollar-in-identifier-extension]
C/C++:     auto $payload = jsi::Object(runtime);
C/C++:          ^
C/C++: /home/expo/workingdir/build/node_modules/react-native-svg/android/build/generated/source/codegen/jni/react/renderer/components/rnsvg/EventEmitters.cpp:35:40: warning: '$' in identifier [-Wdollar-in-identifier-extension]
C/C++:   source.setProperty(runtime, "width", $event.source.width);
C/C++:                                        ^
C/C++: /home/expo/workingdir/build/node_modules/react-native-svg/android/build/generated/source/codegen/jni/react/renderer/components/rnsvg/EventEmitters.cpp:36:41: warning: '$' in identifier [-Wdollar-in-identifier-extension]
C/C++:   source.setProperty(runtime, "height", $event.source.height);
C/C++:                                         ^
C/C++: /home/expo/workingdir/build/node_modules/react-native-svg/android/build/generated/source/codegen/jni/react/renderer/components/rnsvg/EventEmitters.cpp:37:38: warning: '$' in identifier [-Wdollar-in-identifier-extension]
C/C++:   source.setProperty(runtime, "uri", $event.source.uri);
C/C++:                                      ^
C/C++: /home/expo/workingdir/build/node_modules/react-native-svg/android/build/generated/source/codegen/jni/react/renderer/components/rnsvg/EventEmitters.cpp:38:3: warning: '$' in identifier [-Wdollar-in-identifier-extension]
C/C++:   $payload.setProperty(runtime, "source", source);
C/C++:   ^
C/C++: /home/expo/workingdir/build/node_modules/react-native-svg/android/build/generated/source/codegen/jni/react/renderer/components/rnsvg/EventEmitters.cpp:40:12: warning: '$' in identifier [-Wdollar-in-identifier-extension]
C/C++:     return $payload;
C/C++:            ^
C/C++: 9 warnings generated.
> Task :app:lintVitalReportRelease
> Task :app:buildCMakeRelWithDebInfo[x86]
C/C++: ninja: Entering directory `/home/expo/workingdir/build/android/app/.cxx/RelWithDebInfo/1c352s72/x86'
C/C++: /home/expo/workingdir/build/node_modules/react-native-safe-area-context/android/build/generated/source/codegen/jni/react/renderer/components/safeareacontext/EventEmitters.cpp:16:69: warning: '$' in identifier [-Wdollar-in-identifier-extension]
C/C++: void RNCSafeAreaProviderEventEmitter::onInsetsChange(OnInsetsChange $event) const {
C/C++:                                                                     ^
C/C++: /home/expo/workingdir/build/node_modules/react-native-safe-area-context/android/build/generated/source/codegen/jni/react/renderer/components/safeareacontext/EventEmitters.cpp:17:34: warning: '$' in identifier [-Wdollar-in-identifier-extension]
C/C++:   dispatchEvent("insetsChange", [$event=std::move($event)](jsi::Runtime &runtime) {
C/C++:                                  ^
C/C++: /home/expo/workingdir/build/node_modules/react-native-safe-area-context/android/build/generated/source/codegen/jni/react/renderer/components/safeareacontext/EventEmitters.cpp:17:51: warning: '$' in identifier [-Wdollar-in-identifier-extension]
C/C++:   dispatchEvent("insetsChange", [$event=std::move($event)](jsi::Runtime &runtime) {
C/C++:                                                   ^
C/C++: /home/expo/workingdir/build/node_modules/react-native-safe-area-context/android/build/generated/source/codegen/jni/react/renderer/components/safeareacontext/EventEmitters.cpp:18:10: warning: '$' in identifier [-Wdollar-in-identifier-extension]
C/C++:     auto $payload = jsi::Object(runtime);
C/C++:          ^
C/C++: /home/expo/workingdir/build/node_modules/react-native-safe-area-context/android/build/generated/source/codegen/jni/react/renderer/components/safeareacontext/EventEmitters.cpp:21:38: warning: '$' in identifier [-Wdollar-in-identifier-extension]
C/C++:   insets.setProperty(runtime, "top", $event.insets.top);
C/C++:                                      ^
C/C++: /home/expo/workingdir/build/node_modules/react-native-safe-area-context/android/build/generated/source/codegen/jni/react/renderer/components/safeareacontext/EventEmitters.cpp:22:40: warning: '$' in identifier [-Wdollar-in-identifier-extension]
C/C++:   insets.setProperty(runtime, "right", $event.insets.right);
C/C++:                                        ^
C/C++: /home/expo/workingdir/build/node_modules/react-native-safe-area-context/android/build/generated/source/codegen/jni/react/renderer/components/safeareacontext/EventEmitters.cpp:23:41: warning: '$' in identifier [-Wdollar-in-identifier-extension]
C/C++:   insets.setProperty(runtime, "bottom", $event.insets.bottom);
C/C++:                                         ^
C/C++: /home/expo/workingdir/build/node_modules/react-native-safe-area-context/android/build/generated/source/codegen/jni/react/renderer/components/safeareacontext/EventEmitters.cpp:24:39: warning: '$' in identifier [-Wdollar-in-identifier-extension]
C/C++:   insets.setProperty(runtime, "left", $event.insets.left);
C/C++:                                       ^
C/C++: /home/expo/workingdir/build/node_modules/react-native-safe-area-context/android/build/generated/source/codegen/jni/react/renderer/components/safeareacontext/EventEmitters.cpp:25:3: warning: '$' in identifier [-Wdollar-in-identifier-extension]
C/C++:   $payload.setProperty(runtime, "insets", insets);
C/C++:   ^
C/C++: /home/expo/workingdir/build/node_modules/react-native-safe-area-context/android/build/generated/source/codegen/jni/react/renderer/components/safeareacontext/EventEmitters.cpp:29:35: warning: '$' in identifier [-Wdollar-in-identifier-extension]
C/C++:   frame.setProperty(runtime, "x", $event.frame.x);
C/C++:                                   ^
C/C++: /home/expo/workingdir/build/node_modules/react-native-safe-area-context/android/build/generated/source/codegen/jni/react/renderer/components/safeareacontext/EventEmitters.cpp:30:35: warning: '$' in identifier [-Wdollar-in-identifier-extension]
C/C++:   frame.setProperty(runtime, "y", $event.frame.y);
C/C++:                                   ^
C/C++: /home/expo/workingdir/build/node_modules/react-native-safe-area-context/android/build/generated/source/codegen/jni/react/renderer/components/safeareacontext/EventEmitters.cpp:31:39: warning: '$' in identifier [-Wdollar-in-identifier-extension]
C/C++:   frame.setProperty(runtime, "width", $event.frame.width);
C/C++:                                       ^
C/C++: /home/expo/workingdir/build/node_modules/react-native-safe-area-context/android/build/generated/source/codegen/jni/react/renderer/components/safeareacontext/EventEmitters.cpp:32:40: warning: '$' in identifier [-Wdollar-in-identifier-extension]
C/C++:   frame.setProperty(runtime, "height", $event.frame.height);
C/C++:                                        ^
C/C++: /home/expo/workingdir/build/node_modules/react-native-safe-area-context/android/build/generated/source/codegen/jni/react/renderer/components/safeareacontext/EventEmitters.cpp:33:3: warning: '$' in identifier [-Wdollar-in-identifier-extension]
C/C++:   $payload.setProperty(runtime, "frame", frame);
C/C++:   ^
C/C++: /home/expo/workingdir/build/node_modules/react-native-safe-area-context/android/build/generated/source/codegen/jni/react/renderer/components/safeareacontext/EventEmitters.cpp:35:12: warning: '$' in identifier [-Wdollar-in-identifier-extension]
C/C++:     return $payload;
C/C++:            ^
C/C++: 15 warnings generated.
C/C++: /home/expo/workingdir/build/node_modules/react-native-svg/android/build/generated/source/codegen/jni/react/renderer/components/rnsvg/EventEmitters.cpp:30:44: warning: '$' in identifier [-Wdollar-in-identifier-extension]
C/C++: void RNSVGImageEventEmitter::onLoad(OnLoad $event) const {
C/C++:                                            ^
C/C++: /home/expo/workingdir/build/node_modules/react-native-svg/android/build/generated/source/codegen/jni/react/renderer/components/rnsvg/EventEmitters.cpp:31:26: warning: '$' in identifier [-Wdollar-in-identifier-extension]
C/C++:   dispatchEvent("load", [$event=std::move($event)](jsi::Runtime &runtime) {
C/C++:                          ^
C/C++: /home/expo/workingdir/build/node_modules/react-native-svg/android/build/generated/source/codegen/jni/react/renderer/components/rnsvg/EventEmitters.cpp:31:43: warning: '$' in identifier [-Wdollar-in-identifier-extension]
C/C++:   dispatchEvent("load", [$event=std::move($event)](jsi::Runtime &runtime) {
C/C++:                                           ^
C/C++: /home/expo/workingdir/build/node_modules/react-native-svg/android/build/generated/source/codegen/jni/react/renderer/components/rnsvg/EventEmitters.cpp:32:10: warning: '$' in identifier [-Wdollar-in-identifier-extension]
C/C++:     auto $payload = jsi::Object(runtime);
C/C++:          ^
C/C++: /home/expo/workingdir/build/node_modules/react-native-svg/android/build/generated/source/codegen/jni/react/renderer/components/rnsvg/EventEmitters.cpp:35:40: warning: '$' in identifier [-Wdollar-in-identifier-extension]
C/C++:   source.setProperty(runtime, "width", $event.source.width);
C/C++:                                        ^
C/C++: /home/expo/workingdir/build/node_modules/react-native-svg/android/build/generated/source/codegen/jni/react/renderer/components/rnsvg/EventEmitters.cpp:36:41: warning: '$' in identifier [-Wdollar-in-identifier-extension]
C/C++:   source.setProperty(runtime, "height", $event.source.height);
C/C++:                                         ^
C/C++: /home/expo/workingdir/build/node_modules/react-native-svg/android/build/generated/source/codegen/jni/react/renderer/components/rnsvg/EventEmitters.cpp:37:38: warning: '$' in identifier [-Wdollar-in-identifier-extension]
C/C++:   source.setProperty(runtime, "uri", $event.source.uri);
C/C++:                                      ^
C/C++: /home/expo/workingdir/build/node_modules/react-native-svg/android/build/generated/source/codegen/jni/react/renderer/components/rnsvg/EventEmitters.cpp:38:3: warning: '$' in identifier [-Wdollar-in-identifier-extension]
C/C++:   $payload.setProperty(runtime, "source", source);
C/C++:   ^
C/C++: /home/expo/workingdir/build/node_modules/react-native-svg/android/build/generated/source/codegen/jni/react/renderer/components/rnsvg/EventEmitters.cpp:40:12: warning: '$' in identifier [-Wdollar-in-identifier-extension]
C/C++:     return $payload;
C/C++:            ^
C/C++: 9 warnings generated.
C/C++: /home/expo/workingdir/build/node_modules/react-native-screens/android/build/generated/source/codegen/jni/react/renderer/components/rnscreens/EventEmitters.cpp:17:52: warning: '$' in identifier [-Wdollar-in-identifier-extension]
C/C++: void RNSModalScreenEventEmitter::onAppear(OnAppear $event) const {
C/C++:                                                    ^
C/C++: /home/expo/workingdir/build/node_modules/react-native-screens/android/build/generated/source/codegen/jni/react/renderer/components/rnscreens/EventEmitters.cpp:19:10: warning: '$' in identifier [-Wdollar-in-identifier-extension]
C/C++:     auto $payload = jsi::Object(runtime);
C/C++:          ^
C/C++: /home/expo/workingdir/build/node_modules/react-native-screens/android/build/generated/source/codegen/jni/react/renderer/components/rnscreens/EventEmitters.cpp:21:12: warning: '$' in identifier [-Wdollar-in-identifier-extension]
C/C++:     return $payload;
C/C++:            ^
C/C++: /home/expo/workingdir/build/node_modules/react-native-screens/android/build/generated/source/codegen/jni/react/renderer/components/rnscreens/EventEmitters.cpp:26:58: warning: '$' in identifier [-Wdollar-in-identifier-extension]
C/C++: void RNSModalScreenEventEmitter::onDisappear(OnDisappear $event) const {
C/C++:                                                          ^
C/C++: /home/expo/workingdir/build/node_modules/react-native-screens/android/build/generated/source/codegen/jni/react/renderer/components/rnscreens/EventEmitters.cpp:28:10: warning: '$' in identifier [-Wdollar-in-identifier-extension]
C/C++:     auto $payload = jsi::Object(runtime);
C/C++:          ^
C/C++: /home/expo/workingdir/build/node_modules/react-native-screens/android/build/generated/source/codegen/jni/react/renderer/components/rnscreens/EventEmitters.cpp:30:12: warning: '$' in identifier [-Wdollar-in-identifier-extension]
C/C++:     return $payload;
C/C++:            ^
C/C++: /home/expo/workingdir/build/node_modules/react-native-screens/android/build/generated/source/codegen/jni/react/renderer/components/rnscreens/EventEmitters.cpp:35:58: warning: '$' in identifier [-Wdollar-in-identifier-extension]
C/C++: void RNSModalScreenEventEmitter::onDismissed(OnDismissed $event) const {
C/C++:                                                          ^
C/C++: /home/expo/workingdir/build/node_modules/react-native-screens/android/build/generated/source/codegen/jni/react/renderer/components/rnscreens/EventEmitters.cpp:36:31: warning: '$' in identifier [-Wdollar-in-identifier-extension]
C/C++:   dispatchEvent("dismissed", [$event=std::move($event)](jsi::Runtime &runtime) {
C/C++:                               ^
C/C++: /home/expo/workingdir/build/node_modules/react-native-screens/android/build/generated/source/codegen/jni/react/renderer/components/rnscreens/EventEmitters.cpp:36:48: warning: '$' in identifier [-Wdollar-in-identifier-extension]
C/C++:   dispatchEvent("dismissed", [$event=std::move($event)](jsi::Runtime &runtime) {
C/C++:                                                ^
C/C++: /home/expo/workingdir/build/node_modules/react-native-screens/android/build/generated/source/codegen/jni/react/renderer/components/rnscreens/EventEmitters.cpp:37:10: warning: '$' in identifier [-Wdollar-in-identifier-extension]
C/C++:     auto $payload = jsi::Object(runtime);
C/C++:          ^
C/C++: /home/expo/workingdir/build/node_modules/react-native-screens/android/build/generated/source/codegen/jni/react/renderer/components/rnscreens/EventEmitters.cpp:38:5: warning: '$' in identifier [-Wdollar-in-identifier-extension]
C/C++:     $payload.setProperty(runtime, "dismissCount", $event.dismissCount);
C/C++:     ^
C/C++: /home/expo/workingdir/build/node_modules/react-native-screens/android/build/generated/source/codegen/jni/react/renderer/components/rnscreens/EventEmitters.cpp:38:51: warning: '$' in identifier [-Wdollar-in-identifier-extension]
C/C++:     $payload.setProperty(runtime, "dismissCount", $event.dismissCount);
C/C++:                                                   ^
C/C++: /home/expo/workingdir/build/node_modules/react-native-screens/android/build/generated/source/codegen/jni/react/renderer/components/rnscreens/EventEmitters.cpp:39:12: warning: '$' in identifier [-Wdollar-in-identifier-extension]
C/C++:     return $payload;
C/C++:            ^
C/C++: /home/expo/workingdir/build/node_modules/react-native-screens/android/build/generated/source/codegen/jni/react/renderer/components/rnscreens/EventEmitters.cpp:44:84: warning: '$' in identifier [-Wdollar-in-identifier-extension]
C/C++: void RNSModalScreenEventEmitter::onNativeDismissCancelled(OnNativeDismissCancelled $event) const {
C/C++:                                                                                    ^
C/C++: /home/expo/workingdir/build/node_modules/react-native-screens/android/build/generated/source/codegen/jni/react/renderer/components/rnscreens/EventEmitters.cpp:45:44: warning: '$' in identifier [-Wdollar-in-identifier-extension]
C/C++:   dispatchEvent("nativeDismissCancelled", [$event=std::move($event)](jsi::Runtime &runtime) {
C/C++:                                            ^
C/C++: /home/expo/workingdir/build/node_modules/react-native-screens/android/build/generated/source/codegen/jni/react/renderer/components/rnscreens/EventEmitters.cpp:45:61: warning: '$' in identifier [-Wdollar-in-identifier-extension]
C/C++:   dispatchEvent("nativeDismissCancelled", [$event=std::move($event)](jsi::Runtime &runtime) {
C/C++:                                                             ^
C/C++: /home/expo/workingdir/build/node_modules/react-native-screens/android/build/generated/source/codegen/jni/react/renderer/components/rnscreens/EventEmitters.cpp:46:10: warning: '$' in identifier [-Wdollar-in-identifier-extension]
C/C++:     auto $payload = jsi::Object(runtime);
C/C++:          ^
C/C++: /home/expo/workingdir/build/node_modules/react-native-screens/android/build/generated/source/codegen/jni/react/renderer/components/rnscreens/EventEmitters.cpp:47:5: warning: '$' in identifier [-Wdollar-in-identifier-extension]
C/C++:     $payload.setProperty(runtime, "dismissCount", $event.dismissCount);
C/C++:     ^
C/C++: /home/expo/workingdir/build/node_modules/react-native-screens/android/build/generated/source/codegen/jni/react/renderer/components/rnscreens/EventEmitters.cpp:47:51: warning: '$' in identifier [-Wdollar-in-identifier-extension]
C/C++:     $payload.setProperty(runtime, "dismissCount", $event.dismissCount);
C/C++:                                                   ^
C/C++: /home/expo/workingdir/build/node_modules/react-native-screens/android/build/generated/source/codegen/jni/react/renderer/components/rnscreens/EventEmitters.cpp:48:12: warning: '$' in identifier [-Wdollar-in-identifier-extension]
C/C++:     return $payload;
C/C++:            ^
C/C++: /home/expo/workingdir/build/node_modules/react-native-screens/android/build/generated/source/codegen/jni/react/renderer/components/rnscreens/EventEmitters.cpp:53:60: warning: '$' in identifier [-Wdollar-in-identifier-extension]
C/C++: void RNSModalScreenEventEmitter::onWillAppear(OnWillAppear $event) const {
C/C++:                                                            ^
C/C++: /home/expo/workingdir/build/node_modules/react-native-screens/android/build/generated/source/codegen/jni/react/renderer/components/rnscreens/EventEmitters.cpp:55:10: warning: '$' in identifier [-Wdollar-in-identifier-extension]
C/C++:     auto $payload = jsi::Object(runtime);
C/C++:          ^
C/C++: /home/expo/workingdir/build/node_modules/react-native-screens/android/build/generated/source/codegen/jni/react/renderer/components/rnscreens/EventEmitters.cpp:57:12: warning: '$' in identifier [-Wdollar-in-identifier-extension]
C/C++:     return $payload;
C/C++:            ^
C/C++: /home/expo/workingdir/build/node_modules/react-native-screens/android/build/generated/source/codegen/jni/react/renderer/components/rnscreens/EventEmitters.cpp:62:66: warning: '$' in identifier [-Wdollar-in-identifier-extension]
C/C++: void RNSModalScreenEventEmitter::onWillDisappear(OnWillDisappear $event) const {
C/C++:                                                                  ^
C/C++: /home/expo/workingdir/build/node_modules/react-native-screens/android/build/generated/source/codegen/jni/react/renderer/components/rnscreens/EventEmitters.cpp:64:10: warning: '$' in identifier [-Wdollar-in-identifier-extension]
C/C++:     auto $payload = jsi::Object(runtime);
C/C++:          ^
C/C++: /home/expo/workingdir/build/node_modules/react-native-screens/android/build/generated/source/codegen/jni/react/renderer/components/rnscreens/EventEmitters.cpp:66:12: warning: '$' in identifier [-Wdollar-in-identifier-extension]
C/C++:     return $payload;
C/C++:            ^
C/C++: /home/expo/workingdir/build/node_modules/react-native-screens/android/build/generated/source/codegen/jni/react/renderer/components/rnscreens/EventEmitters.cpp:71:76: warning: '$' in identifier [-Wdollar-in-identifier-extension]
C/C++: void RNSModalScreenEventEmitter::onHeaderHeightChange(OnHeaderHeightChange $event) const {
C/C++:                                                                            ^
C/C++: /home/expo/workingdir/build/node_modules/react-native-screens/android/build/generated/source/codegen/jni/react/renderer/components/rnscreens/EventEmitters.cpp:72:40: warning: '$' in identifier [-Wdollar-in-identifier-extension]
C/C++:   dispatchEvent("headerHeightChange", [$event=std::move($event)](jsi::Runtime &runtime) {
C/C++:                                        ^
C/C++: /home/expo/workingdir/build/node_modules/react-native-screens/android/build/generated/source/codegen/jni/react/renderer/components/rnscreens/EventEmitters.cpp:72:57: warning: '$' in identifier [-Wdollar-in-identifier-extension]
C/C++:   dispatchEvent("headerHeightChange", [$event=std::move($event)](jsi::Runtime &runtime) {
C/C++:                                                         ^
C/C++: /home/expo/workingdir/build/node_modules/react-native-screens/android/build/generated/source/codegen/jni/react/renderer/components/rnscreens/EventEmitters.cpp:73:10: warning: '$' in identifier [-Wdollar-in-identifier-extension]
C/C++:     auto $payload = jsi::Object(runtime);
C/C++:          ^
C/C++: /home/expo/workingdir/build/node_modules/react-native-screens/android/build/generated/source/codegen/jni/react/renderer/components/rnscreens/EventEmitters.cpp:74:5: warning: '$' in identifier [-Wdollar-in-identifier-extension]
C/C++:     $payload.setProperty(runtime, "headerHeight", $event.headerHeight);
C/C++:     ^
C/C++: /home/expo/workingdir/build/node_modules/react-native-screens/android/build/generated/source/codegen/jni/react/renderer/components/rnscreens/EventEmitters.cpp:74:51: warning: '$' in identifier [-Wdollar-in-identifier-extension]
C/C++:     $payload.setProperty(runtime, "headerHeight", $event.headerHeight);
C/C++:                                                   ^
C/C++: /home/expo/workingdir/build/node_modules/react-native-screens/android/build/generated/source/codegen/jni/react/renderer/components/rnscreens/EventEmitters.cpp:75:12: warning: '$' in identifier [-Wdollar-in-identifier-extension]
C/C++:     return $payload;
C/C++:            ^
C/C++: /home/expo/workingdir/build/node_modules/react-native-screens/android/build/generated/source/codegen/jni/react/renderer/components/rnscreens/EventEmitters.cpp:80:76: warning: '$' in identifier [-Wdollar-in-identifier-extension]
C/C++: void RNSModalScreenEventEmitter::onTransitionProgress(OnTransitionProgress $event) const {
C/C++:                                                                            ^
C/C++: /home/expo/workingdir/build/node_modules/react-native-screens/android/build/generated/source/codegen/jni/react/renderer/components/rnscreens/EventEmitters.cpp:81:40: warning: '$' in identifier [-Wdollar-in-identifier-extension]
C/C++:   dispatchEvent("transitionProgress", [$event=std::move($event)](jsi::Runtime &runtime) {
C/C++:                                        ^
C/C++: /home/expo/workingdir/build/node_modules/react-native-screens/android/build/generated/source/codegen/jni/react/renderer/components/rnscreens/EventEmitters.cpp:81:57: warning: '$' in identifier [-Wdollar-in-identifier-extension]
C/C++:   dispatchEvent("transitionProgress", [$event=std::move($event)](jsi::Runtime &runtime) {
C/C++:                                                         ^
C/C++: /home/expo/workingdir/build/node_modules/react-native-screens/android/build/generated/source/codegen/jni/react/renderer/components/rnscreens/EventEmitters.cpp:82:10: warning: '$' in identifier [-Wdollar-in-identifier-extension]
C/C++:     auto $payload = jsi::Object(runtime);
C/C++:          ^
C/C++: /home/expo/workingdir/build/node_modules/react-native-screens/android/build/generated/source/codegen/jni/react/renderer/components/rnscreens/EventEmitters.cpp:83:5: warning: '$' in identifier [-Wdollar-in-identifier-extension]
C/C++:     $payload.setProperty(runtime, "progress", $event.progress);
C/C++:     ^
C/C++: /home/expo/workingdir/build/node_modules/react-native-screens/android/build/generated/source/codegen/jni/react/renderer/components/rnscreens/EventEmitters.cpp:83:47: warning: '$' in identifier [-Wdollar-in-identifier-extension]
C/C++:     $payload.setProperty(runtime, "progress", $event.progress);
C/C++:                                               ^
C/C++: /home/expo/workingdir/build/node_modules/react-native-screens/android/build/generated/source/codegen/jni/react/renderer/components/rnscreens/EventEmitters.cpp:84:1: warning: '$' in identifier [-Wdollar-in-identifier-extension]
C/C++: $payload.setProperty(runtime, "closing", $event.closing);
C/C++: ^
C/C++: /home/expo/workingdir/build/node_modules/react-native-screens/android/build/generated/source/codegen/jni/react/renderer/components/rnscreens/EventEmitters.cpp:84:42: warning: '$' in identifier [-Wdollar-in-identifier-extension]
C/C++: $payload.setProperty(runtime, "closing", $event.closing);
C/C++:                                          ^
C/C++: /home/expo/workingdir/build/node_modules/react-native-screens/android/build/generated/source/codegen/jni/react/renderer/components/rnscreens/EventEmitters.cpp:85:1: warning: '$' in identifier [-Wdollar-in-identifier-extension]
C/C++: $payload.setProperty(runtime, "goingForward", $event.goingForward);
C/C++: ^
C/C++: /home/expo/workingdir/build/node_modules/react-native-screens/android/build/generated/source/codegen/jni/react/renderer/components/rnscreens/EventEmitters.cpp:85:47: warning: '$' in identifier [-Wdollar-in-identifier-extension]
C/C++: $payload.setProperty(runtime, "goingForward", $event.goingForward);
C/C++:                                               ^
C/C++: /home/expo/workingdir/build/node_modules/react-native-screens/android/build/generated/source/codegen/jni/react/renderer/components/rnscreens/EventEmitters.cpp:86:12: warning: '$' in identifier [-Wdollar-in-identifier-extension]
C/C++:     return $payload;
C/C++:            ^
C/C++: /home/expo/workingdir/build/node_modules/react-native-screens/android/build/generated/source/codegen/jni/react/renderer/components/rnscreens/EventEmitters.cpp:91:66: warning: '$' in identifier [-Wdollar-in-identifier-extension]
C/C++: void RNSModalScreenEventEmitter::onGestureCancel(OnGestureCancel $event) const {
C/C++:                                                                  ^
C/C++: /home/expo/workingdir/build/node_modules/react-native-screens/android/build/generated/source/codegen/jni/react/renderer/components/rnscreens/EventEmitters.cpp:93:10: warning: '$' in identifier [-Wdollar-in-identifier-extension]
C/C++:     auto $payload = jsi::Object(runtime);
C/C++:          ^
C/C++: /home/expo/workingdir/build/node_modules/react-native-screens/android/build/generated/source/codegen/jni/react/renderer/components/rnscreens/EventEmitters.cpp:95:12: warning: '$' in identifier [-Wdollar-in-identifier-extension]
C/C++:     return $payload;
C/C++:            ^
C/C++: /home/expo/workingdir/build/node_modules/react-native-screens/android/build/generated/source/codegen/jni/react/renderer/components/rnscreens/EventEmitters.cpp:100:86: warning: '$' in identifier [-Wdollar-in-identifier-extension]
C/C++: void RNSModalScreenEventEmitter::onHeaderBackButtonClicked(OnHeaderBackButtonClicked $event) const {
C/C++:                                                                                      ^
C/C++: /home/expo/workingdir/build/node_modules/react-native-screens/android/build/generated/source/codegen/jni/react/renderer/components/rnscreens/EventEmitters.cpp:102:10: warning: '$' in identifier [-Wdollar-in-identifier-extension]
C/C++:     auto $payload = jsi::Object(runtime);
C/C++:          ^
C/C++: /home/expo/workingdir/build/node_modules/react-native-screens/android/build/generated/source/codegen/jni/react/renderer/components/rnscreens/EventEmitters.cpp:104:12: warning: '$' in identifier [-Wdollar-in-identifier-extension]
C/C++:     return $payload;
C/C++:            ^
C/C++: /home/expo/workingdir/build/node_modules/react-native-screens/android/build/generated/source/codegen/jni/react/renderer/components/rnscreens/EventEmitters.cpp:109:76: warning: '$' in identifier [-Wdollar-in-identifier-extension]
C/C++: void RNSModalScreenEventEmitter::onSheetDetentChanged(OnSheetDetentChanged $event) const {
C/C++:                                                                            ^
C/C++: /home/expo/workingdir/build/node_modules/react-native-screens/android/build/generated/source/codegen/jni/react/renderer/components/rnscreens/EventEmitters.cpp:110:40: warning: '$' in identifier [-Wdollar-in-identifier-extension]
C/C++:   dispatchEvent("sheetDetentChanged", [$event=std::move($event)](jsi::Runtime &runtime) {
C/C++:                                        ^
C/C++: /home/expo/workingdir/build/node_modules/react-native-screens/android/build/generated/source/codegen/jni/react/renderer/components/rnscreens/EventEmitters.cpp:110:57: warning: '$' in identifier [-Wdollar-in-identifier-extension]
C/C++:   dispatchEvent("sheetDetentChanged", [$event=std::move($event)](jsi::Runtime &runtime) {
C/C++:                                                         ^
C/C++: /home/expo/workingdir/build/node_modules/react-native-screens/android/build/generated/source/codegen/jni/react/renderer/components/rnscreens/EventEmitters.cpp:111:10: warning: '$' in identifier [-Wdollar-in-identifier-extension]
C/C++:     auto $payload = jsi::Object(runtime);
C/C++:          ^
C/C++: /home/expo/workingdir/build/node_modules/react-native-screens/android/build/generated/source/codegen/jni/react/renderer/components/rnscreens/EventEmitters.cpp:112:5: warning: '$' in identifier [-Wdollar-in-identifier-extension]
C/C++:     $payload.setProperty(runtime, "index", $event.index);
C/C++:     ^
C/C++: /home/expo/workingdir/build/node_modules/react-native-screens/android/build/generated/source/codegen/jni/react/renderer/components/rnscreens/EventEmitters.cpp:112:44: warning: '$' in identifier [-Wdollar-in-identifier-extension]
C/C++:     $payload.setProperty(runtime, "index", $event.index);
C/C++:                                            ^
C/C++: /home/expo/workingdir/build/node_modules/react-native-screens/android/build/generated/source/codegen/jni/react/renderer/components/rnscreens/EventEmitters.cpp:113:1: warning: '$' in identifier [-Wdollar-in-identifier-extension]
C/C++: $payload.setProperty(runtime, "isStable", $event.isStable);
C/C++: ^
C/C++: /home/expo/workingdir/build/node_modules/react-native-screens/android/build/generated/source/codegen/jni/react/renderer/components/rnscreens/EventEmitters.cpp:113:43: warning: '$' in identifier [-Wdollar-in-identifier-extension]
C/C++: $payload.setProperty(runtime, "isStable", $event.isStable);
C/C++:                                           ^
C/C++: /home/expo/workingdir/build/node_modules/react-native-screens/android/build/generated/source/codegen/jni/react/renderer/components/rnscreens/EventEmitters.cpp:114:12: warning: '$' in identifier [-Wdollar-in-identifier-extension]
C/C++:     return $payload;
C/C++:            ^
C/C++: /home/expo/workingdir/build/node_modules/react-native-screens/android/build/generated/source/codegen/jni/react/renderer/components/rnscreens/EventEmitters.cpp:122:47: warning: '$' in identifier [-Wdollar-in-identifier-extension]
C/C++: void RNSScreenEventEmitter::onAppear(OnAppear $event) const {
C/C++:                                               ^
C/C++: /home/expo/workingdir/build/node_modules/react-native-screens/android/build/generated/source/codegen/jni/react/renderer/components/rnscreens/EventEmitters.cpp:124:10: warning: '$' in identifier [-Wdollar-in-identifier-extension]
C/C++:     auto $payload = jsi::Object(runtime);
C/C++:          ^
C/C++: /home/expo/workingdir/build/node_modules/react-native-screens/android/build/generated/source/codegen/jni/react/renderer/components/rnscreens/EventEmitters.cpp:126:12: warning: '$' in identifier [-Wdollar-in-identifier-extension]
C/C++:     return $payload;
C/C++:            ^
C/C++: /home/expo/workingdir/build/node_modules/react-native-screens/android/build/generated/source/codegen/jni/react/renderer/components/rnscreens/EventEmitters.cpp:131:53: warning: '$' in identifier [-Wdollar-in-identifier-extension]
C/C++: void RNSScreenEventEmitter::onDisappear(OnDisappear $event) const {
C/C++:                                                     ^
C/C++: /home/expo/workingdir/build/node_modules/react-native-screens/android/build/generated/source/codegen/jni/react/renderer/components/rnscreens/EventEmitters.cpp:133:10: warning: '$' in identifier [-Wdollar-in-identifier-extension]
C/C++:     auto $payload = jsi::Object(runtime);
C/C++:          ^
C/C++: /home/expo/workingdir/build/node_modules/react-native-screens/android/build/generated/source/codegen/jni/react/renderer/components/rnscreens/EventEmitters.cpp:135:12: warning: '$' in identifier [-Wdollar-in-identifier-extension]
C/C++:     return $payload;
C/C++:            ^
C/C++: /home/expo/workingdir/build/node_modules/react-native-screens/android/build/generated/source/codegen/jni/react/renderer/components/rnscreens/EventEmitters.cpp:140:53: warning: '$' in identifier [-Wdollar-in-identifier-extension]
C/C++: void RNSScreenEventEmitter::onDismissed(OnDismissed $event) const {
C/C++:                                                     ^
C/C++: /home/expo/workingdir/build/node_modules/react-native-screens/android/build/generated/source/codegen/jni/react/renderer/components/rnscreens/EventEmitters.cpp:141:31: warning: '$' in identifier [-Wdollar-in-identifier-extension]
C/C++:   dispatchEvent("dismissed", [$event=std::move($event)](jsi::Runtime &runtime) {
C/C++:                               ^
C/C++: /home/expo/workingdir/build/node_modules/react-native-screens/android/build/generated/source/codegen/jni/react/renderer/components/rnscreens/EventEmitters.cpp:141:48: warning: '$' in identifier [-Wdollar-in-identifier-extension]
C/C++:   dispatchEvent("dismissed", [$event=std::move($event)](jsi::Runtime &runtime) {
C/C++:                                                ^
C/C++: /home/expo/workingdir/build/node_modules/react-native-screens/android/build/generated/source/codegen/jni/react/renderer/components/rnscreens/EventEmitters.cpp:142:10: warning: '$' in identifier [-Wdollar-in-identifier-extension]
C/C++:     auto $payload = jsi::Object(runtime);
C/C++:          ^
C/C++: /home/expo/workingdir/build/node_modules/react-native-screens/android/build/generated/source/codegen/jni/react/renderer/components/rnscreens/EventEmitters.cpp:143:5: warning: '$' in identifier [-Wdollar-in-identifier-extension]
C/C++:     $payload.setProperty(runtime, "dismissCount", $event.dismissCount);
C/C++:     ^
C/C++: /home/expo/workingdir/build/node_modules/react-native-screens/android/build/generated/source/codegen/jni/react/renderer/components/rnscreens/EventEmitters.cpp:143:51: warning: '$' in identifier [-Wdollar-in-identifier-extension]
C/C++:     $payload.setProperty(runtime, "dismissCount", $event.dismissCount);
C/C++:                                                   ^
C/C++: /home/expo/workingdir/build/node_modules/react-native-screens/android/build/generated/source/codegen/jni/react/renderer/components/rnscreens/EventEmitters.cpp:144:12: warning: '$' in identifier [-Wdollar-in-identifier-extension]
C/C++:     return $payload;
C/C++:            ^
C/C++: /home/expo/workingdir/build/node_modules/react-native-screens/android/build/generated/source/codegen/jni/react/renderer/components/rnscreens/EventEmitters.cpp:149:79: warning: '$' in identifier [-Wdollar-in-identifier-extension]
C/C++: void RNSScreenEventEmitter::onNativeDismissCancelled(OnNativeDismissCancelled $event) const {
C/C++:                                                                               ^
C/C++: /home/expo/workingdir/build/node_modules/react-native-screens/android/build/generated/source/codegen/jni/react/renderer/components/rnscreens/EventEmitters.cpp:150:44: warning: '$' in identifier [-Wdollar-in-identifier-extension]
C/C++:   dispatchEvent("nativeDismissCancelled", [$event=std::move($event)](jsi::Runtime &runtime) {
C/C++:                                            ^
C/C++: /home/expo/workingdir/build/node_modules/react-native-screens/android/build/generated/source/codegen/jni/react/renderer/components/rnscreens/EventEmitters.cpp:150:61: warning: '$' in identifier [-Wdollar-in-identifier-extension]
C/C++:   dispatchEvent("nativeDismissCancelled", [$event=std::move($event)](jsi::Runtime &runtime) {
C/C++:                                                             ^
C/C++: /home/expo/workingdir/build/node_modules/react-native-screens/android/build/generated/source/codegen/jni/react/renderer/components/rnscreens/EventEmitters.cpp:151:10: warning: '$' in identifier [-Wdollar-in-identifier-extension]
C/C++:     auto $payload = jsi::Object(runtime);
C/C++:          ^
C/C++: /home/expo/workingdir/build/node_modules/react-native-screens/android/build/generated/source/codegen/jni/react/renderer/components/rnscreens/EventEmitters.cpp:152:5: warning: '$' in identifier [-Wdollar-in-identifier-extension]
C/C++:     $payload.setProperty(runtime, "dismissCount", $event.dismissCount);
C/C++:     ^
C/C++: /home/expo/workingdir/build/node_modules/react-native-screens/android/build/generated/source/codegen/jni/react/renderer/components/rnscreens/EventEmitters.cpp:152:51: warning: '$' in identifier [-Wdollar-in-identifier-extension]
C/C++:     $payload.setProperty(runtime, "dismissCount", $event.dismissCount);
C/C++:                                                   ^
C/C++: /home/expo/workingdir/build/node_modules/react-native-screens/android/build/generated/source/codegen/jni/react/renderer/components/rnscreens/EventEmitters.cpp:153:12: warning: '$' in identifier [-Wdollar-in-identifier-extension]
C/C++:     return $payload;
C/C++:            ^
C/C++: /home/expo/workingdir/build/node_modules/react-native-screens/android/build/generated/source/codegen/jni/react/renderer/components/rnscreens/EventEmitters.cpp:158:55: warning: '$' in identifier [-Wdollar-in-identifier-extension]
C/C++: void RNSScreenEventEmitter::onWillAppear(OnWillAppear $event) const {
C/C++:                                                       ^
C/C++: /home/expo/workingdir/build/node_modules/react-native-screens/android/build/generated/source/codegen/jni/react/renderer/components/rnscreens/EventEmitters.cpp:160:10: warning: '$' in identifier [-Wdollar-in-identifier-extension]
C/C++:     auto $payload = jsi::Object(runtime);
C/C++:          ^
C/C++: /home/expo/workingdir/build/node_modules/react-native-screens/android/build/generated/source/codegen/jni/react/renderer/components/rnscreens/EventEmitters.cpp:162:12: warning: '$' in identifier [-Wdollar-in-identifier-extension]
C/C++:     return $payload;
C/C++:            ^
C/C++: /home/expo/workingdir/build/node_modules/react-native-screens/android/build/generated/source/codegen/jni/react/renderer/components/rnscreens/EventEmitters.cpp:167:61: warning: '$' in identifier [-Wdollar-in-identifier-extension]
C/C++: void RNSScreenEventEmitter::onWillDisappear(OnWillDisappear $event) const {
C/C++:                                                             ^
C/C++: /home/expo/workingdir/build/node_modules/react-native-screens/android/build/generated/source/codegen/jni/react/renderer/components/rnscreens/EventEmitters.cpp:169:10: warning: '$' in identifier [-Wdollar-in-identifier-extension]
C/C++:     auto $payload = jsi::Object(runtime);
C/C++:          ^
C/C++: /home/expo/workingdir/build/node_modules/react-native-screens/android/build/generated/source/codegen/jni/react/renderer/components/rnscreens/EventEmitters.cpp:171:12: warning: '$' in identifier [-Wdollar-in-identifier-extension]
C/C++:     return $payload;
C/C++:            ^
C/C++: /home/expo/workingdir/build/node_modules/react-native-screens/android/build/generated/source/codegen/jni/react/renderer/components/rnscreens/EventEmitters.cpp:176:71: warning: '$' in identifier [-Wdollar-in-identifier-extension]
C/C++: void RNSScreenEventEmitter::onHeaderHeightChange(OnHeaderHeightChange $event) const {
C/C++:                                                                       ^
C/C++: /home/expo/workingdir/build/node_modules/react-native-screens/android/build/generated/source/codegen/jni/react/renderer/components/rnscreens/EventEmitters.cpp:177:40: warning: '$' in identifier [-Wdollar-in-identifier-extension]
C/C++:   dispatchEvent("headerHeightChange", [$event=std::move($event)](jsi::Runtime &runtime) {
C/C++:                                        ^
C/C++: /home/expo/workingdir/build/node_modules/react-native-screens/android/build/generated/source/codegen/jni/react/renderer/components/rnscreens/EventEmitters.cpp:177:57: warning: '$' in identifier [-Wdollar-in-identifier-extension]
C/C++:   dispatchEvent("headerHeightChange", [$event=std::move($event)](jsi::Runtime &runtime) {
C/C++:                                                         ^
C/C++: /home/expo/workingdir/build/node_modules/react-native-screens/android/build/generated/source/codegen/jni/react/renderer/components/rnscreens/EventEmitters.cpp:178:10: warning: '$' in identifier [-Wdollar-in-identifier-extension]
C/C++:     auto $payload = jsi::Object(runtime);
C/C++:          ^
C/C++: /home/expo/workingdir/build/node_modules/react-native-screens/android/build/generated/source/codegen/jni/react/renderer/components/rnscreens/EventEmitters.cpp:179:5: warning: '$' in identifier [-Wdollar-in-identifier-extension]
C/C++:     $payload.setProperty(runtime, "headerHeight", $event.headerHeight);
C/C++:     ^
C/C++: /home/expo/workingdir/build/node_modules/react-native-screens/android/build/generated/source/codegen/jni/react/renderer/components/rnscreens/EventEmitters.cpp:179:51: warning: '$' in identifier [-Wdollar-in-identifier-extension]
C/C++:     $payload.setProperty(runtime, "headerHeight", $event.headerHeight);
C/C++:                                                   ^
C/C++: /home/expo/workingdir/build/node_modules/react-native-screens/android/build/generated/source/codegen/jni/react/renderer/components/rnscreens/EventEmitters.cpp:180:12: warning: '$' in identifier [-Wdollar-in-identifier-extension]
C/C++:     return $payload;
C/C++:            ^
C/C++: /home/expo/workingdir/build/node_modules/react-native-screens/android/build/generated/source/codegen/jni/react/renderer/components/rnscreens/EventEmitters.cpp:185:71: warning: '$' in identifier [-Wdollar-in-identifier-extension]
C/C++: void RNSScreenEventEmitter::onTransitionProgress(OnTransitionProgress $event) const {
C/C++:                                                                       ^
C/C++: /home/expo/workingdir/build/node_modules/react-native-screens/android/build/generated/source/codegen/jni/react/renderer/components/rnscreens/EventEmitters.cpp:186:40: warning: '$' in identifier [-Wdollar-in-identifier-extension]
C/C++:   dispatchEvent("transitionProgress", [$event=std::move($event)](jsi::Runtime &runtime) {
C/C++:                                        ^
C/C++: /home/expo/workingdir/build/node_modules/react-native-screens/android/build/generated/source/codegen/jni/react/renderer/components/rnscreens/EventEmitters.cpp:186:57: warning: '$' in identifier [-Wdollar-in-identifier-extension]
C/C++:   dispatchEvent("transitionProgress", [$event=std::move($event)](jsi::Runtime &runtime) {
C/C++:                                                         ^
C/C++: /home/expo/workingdir/build/node_modules/react-native-screens/android/build/generated/source/codegen/jni/react/renderer/components/rnscreens/EventEmitters.cpp:187:10: warning: '$' in identifier [-Wdollar-in-identifier-extension]
C/C++:     auto $payload = jsi::Object(runtime);
C/C++:          ^
C/C++: /home/expo/workingdir/build/node_modules/react-native-screens/android/build/generated/source/codegen/jni/react/renderer/components/rnscreens/EventEmitters.cpp:188:5: warning: '$' in identifier [-Wdollar-in-identifier-extension]
C/C++:     $payload.setProperty(runtime, "progress", $event.progress);
C/C++:     ^
C/C++: /home/expo/workingdir/build/node_modules/react-native-screens/android/build/generated/source/codegen/jni/react/renderer/components/rnscreens/EventEmitters.cpp:188:47: warning: '$' in identifier [-Wdollar-in-identifier-extension]
C/C++:     $payload.setProperty(runtime, "progress", $event.progress);
C/C++:                                               ^
C/C++: /home/expo/workingdir/build/node_modules/react-native-screens/android/build/generated/source/codegen/jni/react/renderer/components/rnscreens/EventEmitters.cpp:189:1: warning: '$' in identifier [-Wdollar-in-identifier-extension]
C/C++: $payload.setProperty(runtime, "closing", $event.closing);
C/C++: ^
C/C++: /home/expo/workingdir/build/node_modules/react-native-screens/android/build/generated/source/codegen/jni/react/renderer/components/rnscreens/EventEmitters.cpp:189:42: warning: '$' in identifier [-Wdollar-in-identifier-extension]
C/C++: $payload.setProperty(runtime, "closing", $event.closing);
C/C++:                                          ^
C/C++: /home/expo/workingdir/build/node_modules/react-native-screens/android/build/generated/source/codegen/jni/react/renderer/components/rnscreens/EventEmitters.cpp:190:1: warning: '$' in identifier [-Wdollar-in-identifier-extension]
C/C++: $payload.setProperty(runtime, "goingForward", $event.goingForward);
C/C++: ^
C/C++: /home/expo/workingdir/build/node_modules/react-native-screens/android/build/generated/source/codegen/jni/react/renderer/components/rnscreens/EventEmitters.cpp:190:47: warning: '$' in identifier [-Wdollar-in-identifier-extension]
C/C++: $payload.setProperty(runtime, "goingForward", $event.goingForward);
C/C++:                                               ^
C/C++: /home/expo/workingdir/build/node_modules/react-native-screens/android/build/generated/source/codegen/jni/react/renderer/components/rnscreens/EventEmitters.cpp:191:12: warning: '$' in identifier [-Wdollar-in-identifier-extension]
C/C++:     return $payload;
C/C++:            ^
C/C++: /home/expo/workingdir/build/node_modules/react-native-screens/android/build/generated/source/codegen/jni/react/renderer/components/rnscreens/EventEmitters.cpp:196:61: warning: '$' in identifier [-Wdollar-in-identifier-extension]
C/C++: void RNSScreenEventEmitter::onGestureCancel(OnGestureCancel $event) const {
C/C++:                                                             ^
C/C++: /home/expo/workingdir/build/node_modules/react-native-screens/android/build/generated/source/codegen/jni/react/renderer/components/rnscreens/EventEmitters.cpp:198:10: warning: '$' in identifier [-Wdollar-in-identifier-extension]
C/C++:     auto $payload = jsi::Object(runtime);
C/C++:          ^
C/C++: /home/expo/workingdir/build/node_modules/react-native-screens/android/build/generated/source/codegen/jni/react/renderer/components/rnscreens/EventEmitters.cpp:200:12: warning: '$' in identifier [-Wdollar-in-identifier-extension]
C/C++:     return $payload;
C/C++:            ^
C/C++: /home/expo/workingdir/build/node_modules/react-native-screens/android/build/generated/source/codegen/jni/react/renderer/components/rnscreens/EventEmitters.cpp:205:81: warning: '$' in identifier [-Wdollar-in-identifier-extension]
C/C++: void RNSScreenEventEmitter::onHeaderBackButtonClicked(OnHeaderBackButtonClicked $event) const {
C/C++:                                                                                 ^
C/C++: /home/expo/workingdir/build/node_modules/react-native-screens/android/build/generated/source/codegen/jni/react/renderer/components/rnscreens/EventEmitters.cpp:207:10: warning: '$' in identifier [-Wdollar-in-identifier-extension]
C/C++:     auto $payload = jsi::Object(runtime);
C/C++:          ^
C/C++: /home/expo/workingdir/build/node_modules/react-native-screens/android/build/generated/source/codegen/jni/react/renderer/components/rnscreens/EventEmitters.cpp:209:12: warning: '$' in identifier [-Wdollar-in-identifier-extension]
C/C++:     return $payload;
C/C++:            ^
C/C++: /home/expo/workingdir/build/node_modules/react-native-screens/android/build/generated/source/codegen/jni/react/renderer/components/rnscreens/EventEmitters.cpp:214:71: warning: '$' in identifier [-Wdollar-in-identifier-extension]
C/C++: void RNSScreenEventEmitter::onSheetDetentChanged(OnSheetDetentChanged $event) const {
C/C++:                                                                       ^
C/C++: /home/expo/workingdir/build/node_modules/react-native-screens/android/build/generated/source/codegen/jni/react/renderer/components/rnscreens/EventEmitters.cpp:215:40: warning: '$' in identifier [-Wdollar-in-identifier-extension]
C/C++:   dispatchEvent("sheetDetentChanged", [$event=std::move($event)](jsi::Runtime &runtime) {
C/C++:                                        ^
C/C++: /home/expo/workingdir/build/node_modules/react-native-screens/android/build/generated/source/codegen/jni/react/renderer/components/rnscreens/EventEmitters.cpp:215:57: warning: '$' in identifier [-Wdollar-in-identifier-extension]
C/C++:   dispatchEvent("sheetDetentChanged", [$event=std::move($event)](jsi::Runtime &runtime) {
C/C++:                                                         ^
C/C++: /home/expo/workingdir/build/node_modules/react-native-screens/android/build/generated/source/codegen/jni/react/renderer/components/rnscreens/EventEmitters.cpp:216:10: warning: '$' in identifier [-Wdollar-in-identifier-extension]
C/C++:     auto $payload = jsi::Object(runtime);
C/C++:          ^
C/C++: /home/expo/workingdir/build/node_modules/react-native-screens/android/build/generated/source/codegen/jni/react/renderer/components/rnscreens/EventEmitters.cpp:217:5: warning: '$' in identifier [-Wdollar-in-identifier-extension]
C/C++:     $payload.setProperty(runtime, "index", $event.index);
C/C++:     ^
C/C++: /home/expo/workingdir/build/node_modules/react-native-screens/android/build/generated/source/codegen/jni/react/renderer/components/rnscreens/EventEmitters.cpp:217:44: warning: '$' in identifier [-Wdollar-in-identifier-extension]
C/C++:     $payload.setProperty(runtime, "index", $event.index);
C/C++:                                            ^
C/C++: /home/expo/workingdir/build/node_modules/react-native-screens/android/build/generated/source/codegen/jni/react/renderer/components/rnscreens/EventEmitters.cpp:218:1: warning: '$' in identifier [-Wdollar-in-identifier-extension]
C/C++: $payload.setProperty(runtime, "isStable", $event.isStable);
C/C++: ^
C/C++: /home/expo/workingdir/build/node_modules/react-native-screens/android/build/generated/source/codegen/jni/react/renderer/components/rnscreens/EventEmitters.cpp:218:43: warning: '$' in identifier [-Wdollar-in-identifier-extension]
C/C++: $payload.setProperty(runtime, "isStable", $event.isStable);
C/C++:                                           ^
C/C++: /home/expo/workingdir/build/node_modules/react-native-screens/android/build/generated/source/codegen/jni/react/renderer/components/rnscreens/EventEmitters.cpp:219:12: warning: '$' in identifier [-Wdollar-in-identifier-extension]
C/C++:     return $payload;
C/C++:            ^
C/C++: /home/expo/workingdir/build/node_modules/react-native-screens/android/build/generated/source/codegen/jni/react/renderer/components/rnscreens/EventEmitters.cpp:225:68: warning: '$' in identifier [-Wdollar-in-identifier-extension]
C/C++: void RNSScreenStackHeaderConfigEventEmitter::onAttached(OnAttached $event) const {
C/C++:                                                                    ^
C/C++: /home/expo/workingdir/build/node_modules/react-native-screens/android/build/generated/source/codegen/jni/react/renderer/components/rnscreens/EventEmitters.cpp:227:10: warning: '$' in identifier [-Wdollar-in-identifier-extension]
C/C++:     auto $payload = jsi::Object(runtime);
C/C++:          ^
C/C++: /home/expo/workingdir/build/node_modules/react-native-screens/android/build/generated/source/codegen/jni/react/renderer/components/rnscreens/EventEmitters.cpp:229:12: warning: '$' in identifier [-Wdollar-in-identifier-extension]
C/C++:     return $payload;
C/C++:            ^
C/C++: /home/expo/workingdir/build/node_modules/react-native-screens/android/build/generated/source/codegen/jni/react/renderer/components/rnscreens/EventEmitters.cpp:234:68: warning: '$' in identifier [-Wdollar-in-identifier-extension]
C/C++: void RNSScreenStackHeaderConfigEventEmitter::onDetached(OnDetached $event) const {
C/C++:                                                                    ^
C/C++: /home/expo/workingdir/build/node_modules/react-native-screens/android/build/generated/source/codegen/jni/react/renderer/components/rnscreens/EventEmitters.cpp:236:10: warning: '$' in identifier [-Wdollar-in-identifier-extension]
C/C++:     auto $payload = jsi::Object(runtime);
C/C++:          ^
C/C++: /home/expo/workingdir/build/node_modules/react-native-screens/android/build/generated/source/codegen/jni/react/renderer/components/rnscreens/EventEmitters.cpp:238:12: warning: '$' in identifier [-Wdollar-in-identifier-extension]
C/C++:     return $payload;
C/C++:            ^
C/C++: /home/expo/workingdir/build/node_modules/react-native-screens/android/build/generated/source/codegen/jni/react/renderer/components/rnscreens/EventEmitters.cpp:244:78: warning: '$' in identifier [-Wdollar-in-identifier-extension]
C/C++: void RNSScreenStackEventEmitter::onFinishTransitioning(OnFinishTransitioning $event) const {
C/C++:                                                                              ^
C/C++: /home/expo/workingdir/build/node_modules/react-native-screens/android/build/generated/source/codegen/jni/react/renderer/components/rnscreens/EventEmitters.cpp:246:10: warning: '$' in identifier [-Wdollar-in-identifier-extension]
C/C++:     auto $payload = jsi::Object(runtime);
C/C++:          ^
C/C++: /home/expo/workingdir/build/node_modules/react-native-screens/android/build/generated/source/codegen/jni/react/renderer/components/rnscreens/EventEmitters.cpp:248:12: warning: '$' in identifier [-Wdollar-in-identifier-extension]
C/C++:     return $payload;
C/C++:            ^
C/C++: /home/expo/workingdir/build/node_modules/react-native-screens/android/build/generated/source/codegen/jni/react/renderer/components/rnscreens/EventEmitters.cpp:253:60: warning: '$' in identifier [-Wdollar-in-identifier-extension]
C/C++: void RNSSearchBarEventEmitter::onSearchFocus(OnSearchFocus $event) const {
C/C++:                                                            ^
C/C++: /home/expo/workingdir/build/node_modules/react-native-screens/android/build/generated/source/codegen/jni/react/renderer/components/rnscreens/EventEmitters.cpp:255:10: warning: '$' in identifier [-Wdollar-in-identifier-extension]
C/C++:     auto $payload = jsi::Object(runtime);
C/C++:          ^
C/C++: /home/expo/workingdir/build/node_modules/react-native-screens/android/build/generated/source/codegen/jni/react/renderer/components/rnscreens/EventEmitters.cpp:257:12: warning: '$' in identifier [-Wdollar-in-identifier-extension]
C/C++:     return $payload;
C/C++:            ^
C/C++: /home/expo/workingdir/build/node_modules/react-native-screens/android/build/generated/source/codegen/jni/react/renderer/components/rnscreens/EventEmitters.cpp:262:58: warning: '$' in identifier [-Wdollar-in-identifier-extension]
C/C++: void RNSSearchBarEventEmitter::onSearchBlur(OnSearchBlur $event) const {
C/C++:                                                          ^
C/C++: /home/expo/workingdir/build/node_modules/react-native-screens/android/build/generated/source/codegen/jni/react/renderer/components/rnscreens/EventEmitters.cpp:264:10: warning: '$' in identifier [-Wdollar-in-identifier-extension]
C/C++:     auto $payload = jsi::Object(runtime);
C/C++:          ^
C/C++: /home/expo/workingdir/build/node_modules/react-native-screens/android/build/generated/source/codegen/jni/react/renderer/components/rnscreens/EventEmitters.cpp:266:12: warning: '$' in identifier [-Wdollar-in-identifier-extension]
C/C++:     return $payload;
C/C++:            ^
C/C++: /home/expo/workingdir/build/node_modules/react-native-screens/android/build/generated/source/codegen/jni/react/renderer/components/rnscreens/EventEmitters.cpp:271:72: warning: '$' in identifier [-Wdollar-in-identifier-extension]
C/C++: void RNSSearchBarEventEmitter::onSearchButtonPress(OnSearchButtonPress $event) const {
C/C++:                                                                        ^
C/C++: /home/expo/workingdir/build/node_modules/react-native-screens/android/build/generated/source/codegen/jni/react/renderer/components/rnscreens/EventEmitters.cpp:272:39: warning: '$' in identifier [-Wdollar-in-identifier-extension]
C/C++:   dispatchEvent("searchButtonPress", [$event=std::move($event)](jsi::Runtime &runtime) {
C/C++:                                       ^
C/C++: /home/expo/workingdir/build/node_modules/react-native-screens/android/build/generated/source/codegen/jni/react/renderer/components/rnscreens/EventEmitters.cpp:272:56: warning: '$' in identifier [-Wdollar-in-identifier-extension]
C/C++:   dispatchEvent("searchButtonPress", [$event=std::move($event)](jsi::Runtime &runtime) {
C/C++:                                                        ^
C/C++: /home/expo/workingdir/build/node_modules/react-native-screens/android/build/generated/source/codegen/jni/react/renderer/components/rnscreens/EventEmitters.cpp:273:10: warning: '$' in identifier [-Wdollar-in-identifier-extension]
C/C++:     auto $payload = jsi::Object(runtime);
C/C++:          ^
C/C++: /home/expo/workingdir/build/node_modules/react-native-screens/android/build/generated/source/codegen/jni/react/renderer/components/rnscreens/EventEmitters.cpp:274:5: warning: '$' in identifier [-Wdollar-in-identifier-extension]
C/C++:     $payload.setProperty(runtime, "text", $event.text);
C/C++:     ^
C/C++: /home/expo/workingdir/build/node_modules/react-native-screens/android/build/generated/source/codegen/jni/react/renderer/components/rnscreens/EventEmitters.cpp:274:43: warning: '$' in identifier [-Wdollar-in-identifier-extension]
C/C++:     $payload.setProperty(runtime, "text", $event.text);
C/C++:                                           ^
C/C++: /home/expo/workingdir/build/node_modules/react-native-screens/android/build/generated/source/codegen/jni/react/renderer/components/rnscreens/EventEmitters.cpp:275:12: warning: '$' in identifier [-Wdollar-in-identifier-extension]
C/C++:     return $payload;
C/C++:            ^
C/C++: /home/expo/workingdir/build/node_modules/react-native-screens/android/build/generated/source/codegen/jni/react/renderer/components/rnscreens/EventEmitters.cpp:280:72: warning: '$' in identifier [-Wdollar-in-identifier-extension]
C/C++: void RNSSearchBarEventEmitter::onCancelButtonPress(OnCancelButtonPress $event) const {
C/C++:                                                                        ^
C/C++: /home/expo/workingdir/build/node_modules/react-native-screens/android/build/generated/source/codegen/jni/react/renderer/components/rnscreens/EventEmitters.cpp:282:10: warning: '$' in identifier [-Wdollar-in-identifier-extension]
C/C++:     auto $payload = jsi::Object(runtime);
C/C++:          ^
C/C++: /home/expo/workingdir/build/node_modules/react-native-screens/android/build/generated/source/codegen/jni/react/renderer/components/rnscreens/EventEmitters.cpp:284:12: warning: '$' in identifier [-Wdollar-in-identifier-extension]
C/C++:     return $payload;
C/C++:            ^
C/C++: /home/expo/workingdir/build/node_modules/react-native-screens/android/build/generated/source/codegen/jni/react/renderer/components/rnscreens/EventEmitters.cpp:289:58: warning: '$' in identifier [-Wdollar-in-identifier-extension]
C/C++: void RNSSearchBarEventEmitter::onChangeText(OnChangeText $event) const {
C/C++:                                                          ^
C/C++: /home/expo/workingdir/build/node_modules/react-native-screens/android/build/generated/source/codegen/jni/react/renderer/components/rnscreens/EventEmitters.cpp:290:32: warning: '$' in identifier [-Wdollar-in-identifier-extension]
C/C++:   dispatchEvent("changeText", [$event=std::move($event)](jsi::Runtime &runtime) {
C/C++:                                ^
C/C++: /home/expo/workingdir/build/node_modules/react-native-screens/android/build/generated/source/codegen/jni/react/renderer/components/rnscreens/EventEmitters.cpp:290:49: warning: '$' in identifier [-Wdollar-in-identifier-extension]
C/C++:   dispatchEvent("changeText", [$event=std::move($event)](jsi::Runtime &runtime) {
C/C++:                                                 ^
C/C++: /home/expo/workingdir/build/node_modules/react-native-screens/android/build/generated/source/codegen/jni/react/renderer/components/rnscreens/EventEmitters.cpp:291:10: warning: '$' in identifier [-Wdollar-in-identifier-extension]
C/C++:     auto $payload = jsi::Object(runtime);
C/C++:          ^
C/C++: /home/expo/workingdir/build/node_modules/react-native-screens/android/build/generated/source/codegen/jni/react/renderer/components/rnscreens/EventEmitters.cpp:292:5: warning: '$' in identifier [-Wdollar-in-identifier-extension]
C/C++:     $payload.setProperty(runtime, "text", $event.text);
C/C++:     ^
C/C++: /home/expo/workingdir/build/node_modules/react-native-screens/android/build/generated/source/codegen/jni/react/renderer/components/rnscreens/EventEmitters.cpp:292:43: warning: '$' in identifier [-Wdollar-in-identifier-extension]
C/C++:     $payload.setProperty(runtime, "text", $event.text);
C/C++:                                           ^
C/C++: /home/expo/workingdir/build/node_modules/react-native-screens/android/build/generated/source/codegen/jni/react/renderer/components/rnscreens/EventEmitters.cpp:293:12: warning: '$' in identifier [-Wdollar-in-identifier-extension]
C/C++:     return $payload;
C/C++:            ^
C/C++: /home/expo/workingdir/build/node_modules/react-native-screens/android/build/generated/source/codegen/jni/react/renderer/components/rnscreens/EventEmitters.cpp:298:48: warning: '$' in identifier [-Wdollar-in-identifier-extension]
C/C++: void RNSSearchBarEventEmitter::onClose(OnClose $event) const {
C/C++:                                                ^
C/C++: /home/expo/workingdir/build/node_modules/react-native-screens/android/build/generated/source/codegen/jni/react/renderer/components/rnscreens/EventEmitters.cpp:300:10: warning: '$' in identifier [-Wdollar-in-identifier-extension]
C/C++:     auto $payload = jsi::Object(runtime);
C/C++:          ^
C/C++: /home/expo/workingdir/build/node_modules/react-native-screens/android/build/generated/source/codegen/jni/react/renderer/components/rnscreens/EventEmitters.cpp:302:12: warning: '$' in identifier [-Wdollar-in-identifier-extension]
C/C++:     return $payload;
C/C++:            ^
C/C++: /home/expo/workingdir/build/node_modules/react-native-screens/android/build/generated/source/codegen/jni/react/renderer/components/rnscreens/EventEmitters.cpp:307:46: warning: '$' in identifier [-Wdollar-in-identifier-extension]
C/C++: void RNSSearchBarEventEmitter::onOpen(OnOpen $event) const {
C/C++:                                              ^
C/C++: /home/expo/workingdir/build/node_modules/react-native-screens/android/build/generated/source/codegen/jni/react/renderer/components/rnscreens/EventEmitters.cpp:309:10: warning: '$' in identifier [-Wdollar-in-identifier-extension]
C/C++:     auto $payload = jsi::Object(runtime);
C/C++:          ^
C/C++: /home/expo/workingdir/build/node_modules/react-native-screens/android/build/generated/source/codegen/jni/react/renderer/components/rnscreens/EventEmitters.cpp:311:12: warning: '$' in identifier [-Wdollar-in-identifier-extension]
C/C++:     return $payload;
C/C++:            ^
C/C++: 156 warnings generated.
> Task :app:lintVitalRelease
> Task :app:buildCMakeRelWithDebInfo[x86_64]
C/C++: ninja: Entering directory `/home/expo/workingdir/build/android/app/.cxx/RelWithDebInfo/1c352s72/x86_64'
C/C++: /home/expo/workingdir/build/node_modules/react-native-safe-area-context/android/build/generated/source/codegen/jni/react/renderer/components/safeareacontext/EventEmitters.cpp:16:69: warning: '$' in identifier [-Wdollar-in-identifier-extension]
C/C++: void RNCSafeAreaProviderEventEmitter::onInsetsChange(OnInsetsChange $event) const {
C/C++:                                                                     ^
C/C++: /home/expo/workingdir/build/node_modules/react-native-safe-area-context/android/build/generated/source/codegen/jni/react/renderer/components/safeareacontext/EventEmitters.cpp:17:34: warning: '$' in identifier [-Wdollar-in-identifier-extension]
C/C++:   dispatchEvent("insetsChange", [$event=std::move($event)](jsi::Runtime &runtime) {
C/C++:                                  ^
C/C++: /home/expo/workingdir/build/node_modules/react-native-safe-area-context/android/build/generated/source/codegen/jni/react/renderer/components/safeareacontext/EventEmitters.cpp:17:51: warning: '$' in identifier [-Wdollar-in-identifier-extension]
C/C++:   dispatchEvent("insetsChange", [$event=std::move($event)](jsi::Runtime &runtime) {
C/C++:                                                   ^
C/C++: /home/expo/workingdir/build/node_modules/react-native-safe-area-context/android/build/generated/source/codegen/jni/react/renderer/components/safeareacontext/EventEmitters.cpp:18:10: warning: '$' in identifier [-Wdollar-in-identifier-extension]
C/C++:     auto $payload = jsi::Object(runtime);
C/C++:          ^
C/C++: /home/expo/workingdir/build/node_modules/react-native-safe-area-context/android/build/generated/source/codegen/jni/react/renderer/components/safeareacontext/EventEmitters.cpp:21:38: warning: '$' in identifier [-Wdollar-in-identifier-extension]
C/C++:   insets.setProperty(runtime, "top", $event.insets.top);
C/C++:                                      ^
C/C++: /home/expo/workingdir/build/node_modules/react-native-safe-area-context/android/build/generated/source/codegen/jni/react/renderer/components/safeareacontext/EventEmitters.cpp:22:40: warning: '$' in identifier [-Wdollar-in-identifier-extension]
C/C++:   insets.setProperty(runtime, "right", $event.insets.right);
C/C++:                                        ^
C/C++: /home/expo/workingdir/build/node_modules/react-native-safe-area-context/android/build/generated/source/codegen/jni/react/renderer/components/safeareacontext/EventEmitters.cpp:23:41: warning: '$' in identifier [-Wdollar-in-identifier-extension]
C/C++:   insets.setProperty(runtime, "bottom", $event.insets.bottom);
C/C++:                                         ^
C/C++: /home/expo/workingdir/build/node_modules/react-native-safe-area-context/android/build/generated/source/codegen/jni/react/renderer/components/safeareacontext/EventEmitters.cpp:24:39: warning: '$' in identifier [-Wdollar-in-identifier-extension]
C/C++:   insets.setProperty(runtime, "left", $event.insets.left);
C/C++:                                       ^
C/C++: /home/expo/workingdir/build/node_modules/react-native-safe-area-context/android/build/generated/source/codegen/jni/react/renderer/components/safeareacontext/EventEmitters.cpp:25:3: warning: '$' in identifier [-Wdollar-in-identifier-extension]
C/C++:   $payload.setProperty(runtime, "insets", insets);
C/C++:   ^
C/C++: /home/expo/workingdir/build/node_modules/react-native-safe-area-context/android/build/generated/source/codegen/jni/react/renderer/components/safeareacontext/EventEmitters.cpp:29:35: warning: '$' in identifier [-Wdollar-in-identifier-extension]
C/C++:   frame.setProperty(runtime, "x", $event.frame.x);
C/C++:                                   ^
C/C++: /home/expo/workingdir/build/node_modules/react-native-safe-area-context/android/build/generated/source/codegen/jni/react/renderer/components/safeareacontext/EventEmitters.cpp:30:35: warning: '$' in identifier [-Wdollar-in-identifier-extension]
C/C++:   frame.setProperty(runtime, "y", $event.frame.y);
C/C++:                                   ^
C/C++: /home/expo/workingdir/build/node_modules/react-native-safe-area-context/android/build/generated/source/codegen/jni/react/renderer/components/safeareacontext/EventEmitters.cpp:31:39: warning: '$' in identifier [-Wdollar-in-identifier-extension]
C/C++:   frame.setProperty(runtime, "width", $event.frame.width);
C/C++:                                       ^
C/C++: /home/expo/workingdir/build/node_modules/react-native-safe-area-context/android/build/generated/source/codegen/jni/react/renderer/components/safeareacontext/EventEmitters.cpp:32:40: warning: '$' in identifier [-Wdollar-in-identifier-extension]
C/C++:   frame.setProperty(runtime, "height", $event.frame.height);
C/C++:                                        ^
C/C++: /home/expo/workingdir/build/node_modules/react-native-safe-area-context/android/build/generated/source/codegen/jni/react/renderer/components/safeareacontext/EventEmitters.cpp:33:3: warning: '$' in identifier [-Wdollar-in-identifier-extension]
C/C++:   $payload.setProperty(runtime, "frame", frame);
C/C++:   ^
C/C++: /home/expo/workingdir/build/node_modules/react-native-safe-area-context/android/build/generated/source/codegen/jni/react/renderer/components/safeareacontext/EventEmitters.cpp:35:12: warning: '$' in identifier [-Wdollar-in-identifier-extension]
C/C++:     return $payload;
C/C++:            ^
C/C++: 15 warnings generated.
C/C++: /home/expo/workingdir/build/node_modules/react-native-screens/android/build/generated/source/codegen/jni/react/renderer/components/rnscreens/EventEmitters.cpp:17:52: warning: '$' in identifier [-Wdollar-in-identifier-extension]
C/C++: void RNSModalScreenEventEmitter::onAppear(OnAppear $event) const {
C/C++:                                                    ^
C/C++: /home/expo/workingdir/build/node_modules/react-native-screens/android/build/generated/source/codegen/jni/react/renderer/components/rnscreens/EventEmitters.cpp:19:10: warning: '$' in identifier [-Wdollar-in-identifier-extension]
C/C++:     auto $payload = jsi::Object(runtime);
C/C++:          ^
C/C++: /home/expo/workingdir/build/node_modules/react-native-screens/android/build/generated/source/codegen/jni/react/renderer/components/rnscreens/EventEmitters.cpp:21:12: warning: '$' in identifier [-Wdollar-in-identifier-extension]
C/C++:     return $payload;
C/C++:            ^
C/C++: /home/expo/workingdir/build/node_modules/react-native-screens/android/build/generated/source/codegen/jni/react/renderer/components/rnscreens/EventEmitters.cpp:26:58: warning: '$' in identifier [-Wdollar-in-identifier-extension]
C/C++: void RNSModalScreenEventEmitter::onDisappear(OnDisappear $event) const {
C/C++:                                                          ^
C/C++: /home/expo/workingdir/build/node_modules/react-native-screens/android/build/generated/source/codegen/jni/react/renderer/components/rnscreens/EventEmitters.cpp:28:10: warning: '$' in identifier [-Wdollar-in-identifier-extension]
C/C++:     auto $payload = jsi::Object(runtime);
C/C++:          ^
C/C++: /home/expo/workingdir/build/node_modules/react-native-screens/android/build/generated/source/codegen/jni/react/renderer/components/rnscreens/EventEmitters.cpp:30:12: warning: '$' in identifier [-Wdollar-in-identifier-extension]
C/C++:     return $payload;
C/C++:            ^
C/C++: /home/expo/workingdir/build/node_modules/react-native-screens/android/build/generated/source/codegen/jni/react/renderer/components/rnscreens/EventEmitters.cpp:35:58: warning: '$' in identifier [-Wdollar-in-identifier-extension]
C/C++: void RNSModalScreenEventEmitter::onDismissed(OnDismissed $event) const {
C/C++:                                                          ^
C/C++: /home/expo/workingdir/build/node_modules/react-native-screens/android/build/generated/source/codegen/jni/react/renderer/components/rnscreens/EventEmitters.cpp:36:31: warning: '$' in identifier [-Wdollar-in-identifier-extension]
C/C++:   dispatchEvent("dismissed", [$event=std::move($event)](jsi::Runtime &runtime) {
C/C++:                               ^
C/C++: /home/expo/workingdir/build/node_modules/react-native-screens/android/build/generated/source/codegen/jni/react/renderer/components/rnscreens/EventEmitters.cpp:36:48: warning: '$' in identifier [-Wdollar-in-identifier-extension]
C/C++:   dispatchEvent("dismissed", [$event=std::move($event)](jsi::Runtime &runtime) {
C/C++:                                                ^
C/C++: /home/expo/workingdir/build/node_modules/react-native-screens/android/build/generated/source/codegen/jni/react/renderer/components/rnscreens/EventEmitters.cpp:37:10: warning: '$' in identifier [-Wdollar-in-identifier-extension]
C/C++:     auto $payload = jsi::Object(runtime);
C/C++:          ^
C/C++: /home/expo/workingdir/build/node_modules/react-native-screens/android/build/generated/source/codegen/jni/react/renderer/components/rnscreens/EventEmitters.cpp:38:5: warning: '$' in identifier [-Wdollar-in-identifier-extension]
C/C++:     $payload.setProperty(runtime, "dismissCount", $event.dismissCount);
C/C++:     ^
C/C++: /home/expo/workingdir/build/node_modules/react-native-screens/android/build/generated/source/codegen/jni/react/renderer/components/rnscreens/EventEmitters.cpp:38:51: warning: '$' in identifier [-Wdollar-in-identifier-extension]
C/C++:     $payload.setProperty(runtime, "dismissCount", $event.dismissCount);
C/C++:                                                   ^
C/C++: /home/expo/workingdir/build/node_modules/react-native-screens/android/build/generated/source/codegen/jni/react/renderer/components/rnscreens/EventEmitters.cpp:39:12: warning: '$' in identifier [-Wdollar-in-identifier-extension]
C/C++:     return $payload;
C/C++:            ^
C/C++: /home/expo/workingdir/build/node_modules/react-native-screens/android/build/generated/source/codegen/jni/react/renderer/components/rnscreens/EventEmitters.cpp:44:84: warning: '$' in identifier [-Wdollar-in-identifier-extension]
C/C++: void RNSModalScreenEventEmitter::onNativeDismissCancelled(OnNativeDismissCancelled $event) const {
C/C++:                                                                                    ^
C/C++: /home/expo/workingdir/build/node_modules/react-native-screens/android/build/generated/source/codegen/jni/react/renderer/components/rnscreens/EventEmitters.cpp:45:44: warning: '$' in identifier [-Wdollar-in-identifier-extension]
C/C++:   dispatchEvent("nativeDismissCancelled", [$event=std::move($event)](jsi::Runtime &runtime) {
C/C++:                                            ^
C/C++: /home/expo/workingdir/build/node_modules/react-native-screens/android/build/generated/source/codegen/jni/react/renderer/components/rnscreens/EventEmitters.cpp:45:61: warning: '$' in identifier [-Wdollar-in-identifier-extension]
C/C++:   dispatchEvent("nativeDismissCancelled", [$event=std::move($event)](jsi::Runtime &runtime) {
C/C++:                                                             ^
C/C++: /home/expo/workingdir/build/node_modules/react-native-screens/android/build/generated/source/codegen/jni/react/renderer/components/rnscreens/EventEmitters.cpp:46:10: warning: '$' in identifier [-Wdollar-in-identifier-extension]
C/C++:     auto $payload = jsi::Object(runtime);
C/C++:          ^
C/C++: /home/expo/workingdir/build/node_modules/react-native-screens/android/build/generated/source/codegen/jni/react/renderer/components/rnscreens/EventEmitters.cpp:47:5: warning: '$' in identifier [-Wdollar-in-identifier-extension]
C/C++:     $payload.setProperty(runtime, "dismissCount", $event.dismissCount);
C/C++:     ^
C/C++: /home/expo/workingdir/build/node_modules/react-native-screens/android/build/generated/source/codegen/jni/react/renderer/components/rnscreens/EventEmitters.cpp:47:51: warning: '$' in identifier [-Wdollar-in-identifier-extension]
C/C++:     $payload.setProperty(runtime, "dismissCount", $event.dismissCount);
C/C++:                                                   ^
C/C++: /home/expo/workingdir/build/node_modules/react-native-screens/android/build/generated/source/codegen/jni/react/renderer/components/rnscreens/EventEmitters.cpp:48:12: warning: '$' in identifier [-Wdollar-in-identifier-extension]
C/C++:     return $payload;
C/C++:            ^
C/C++: /home/expo/workingdir/build/node_modules/react-native-screens/android/build/generated/source/codegen/jni/react/renderer/components/rnscreens/EventEmitters.cpp:53:60: warning: '$' in identifier [-Wdollar-in-identifier-extension]
C/C++: void RNSModalScreenEventEmitter::onWillAppear(OnWillAppear $event) const {
C/C++:                                                            ^
C/C++: /home/expo/workingdir/build/node_modules/react-native-screens/android/build/generated/source/codegen/jni/react/renderer/components/rnscreens/EventEmitters.cpp:55:10: warning: '$' in identifier [-Wdollar-in-identifier-extension]
C/C++:     auto $payload = jsi::Object(runtime);
C/C++:          ^
C/C++: /home/expo/workingdir/build/node_modules/react-native-screens/android/build/generated/source/codegen/jni/react/renderer/components/rnscreens/EventEmitters.cpp:57:12: warning: '$' in identifier [-Wdollar-in-identifier-extension]
C/C++:     return $payload;
C/C++:            ^
C/C++: /home/expo/workingdir/build/node_modules/react-native-screens/android/build/generated/source/codegen/jni/react/renderer/components/rnscreens/EventEmitters.cpp:62:66: warning: '$' in identifier [-Wdollar-in-identifier-extension]
C/C++: void RNSModalScreenEventEmitter::onWillDisappear(OnWillDisappear $event) const {
C/C++:                                                                  ^
C/C++: /home/expo/workingdir/build/node_modules/react-native-screens/android/build/generated/source/codegen/jni/react/renderer/components/rnscreens/EventEmitters.cpp:64:10: warning: '$' in identifier [-Wdollar-in-identifier-extension]
C/C++:     auto $payload = jsi::Object(runtime);
C/C++:          ^
C/C++: /home/expo/workingdir/build/node_modules/react-native-screens/android/build/generated/source/codegen/jni/react/renderer/components/rnscreens/EventEmitters.cpp:66:12: warning: '$' in identifier [-Wdollar-in-identifier-extension]
C/C++:     return $payload;
C/C++:            ^
C/C++: /home/expo/workingdir/build/node_modules/react-native-screens/android/build/generated/source/codegen/jni/react/renderer/components/rnscreens/EventEmitters.cpp:71:76: warning: '$' in identifier [-Wdollar-in-identifier-extension]
C/C++: void RNSModalScreenEventEmitter::onHeaderHeightChange(OnHeaderHeightChange $event) const {
C/C++:                                                                            ^
C/C++: /home/expo/workingdir/build/node_modules/react-native-screens/android/build/generated/source/codegen/jni/react/renderer/components/rnscreens/EventEmitters.cpp:72:40: warning: '$' in identifier [-Wdollar-in-identifier-extension]
C/C++:   dispatchEvent("headerHeightChange", [$event=std::move($event)](jsi::Runtime &runtime) {
C/C++:                                        ^
C/C++: /home/expo/workingdir/build/node_modules/react-native-screens/android/build/generated/source/codegen/jni/react/renderer/components/rnscreens/EventEmitters.cpp:72:57: warning: '$' in identifier [-Wdollar-in-identifier-extension]
C/C++:   dispatchEvent("headerHeightChange", [$event=std::move($event)](jsi::Runtime &runtime) {
C/C++:                                                         ^
C/C++: /home/expo/workingdir/build/node_modules/react-native-screens/android/build/generated/source/codegen/jni/react/renderer/components/rnscreens/EventEmitters.cpp:73:10: warning: '$' in identifier [-Wdollar-in-identifier-extension]
C/C++:     auto $payload = jsi::Object(runtime);
C/C++:          ^
C/C++: /home/expo/workingdir/build/node_modules/react-native-screens/android/build/generated/source/codegen/jni/react/renderer/components/rnscreens/EventEmitters.cpp:74:5: warning: '$' in identifier [-Wdollar-in-identifier-extension]
C/C++:     $payload.setProperty(runtime, "headerHeight", $event.headerHeight);
C/C++:     ^
C/C++: /home/expo/workingdir/build/node_modules/react-native-screens/android/build/generated/source/codegen/jni/react/renderer/components/rnscreens/EventEmitters.cpp:74:51: warning: '$' in identifier [-Wdollar-in-identifier-extension]
C/C++:     $payload.setProperty(runtime, "headerHeight", $event.headerHeight);
C/C++:                                                   ^
C/C++: /home/expo/workingdir/build/node_modules/react-native-screens/android/build/generated/source/codegen/jni/react/renderer/components/rnscreens/EventEmitters.cpp:75:12: warning: '$' in identifier [-Wdollar-in-identifier-extension]
C/C++:     return $payload;
C/C++:            ^
C/C++: /home/expo/workingdir/build/node_modules/react-native-screens/android/build/generated/source/codegen/jni/react/renderer/components/rnscreens/EventEmitters.cpp:80:76: warning: '$' in identifier [-Wdollar-in-identifier-extension]
C/C++: void RNSModalScreenEventEmitter::onTransitionProgress(OnTransitionProgress $event) const {
C/C++:                                                                            ^
C/C++: /home/expo/workingdir/build/node_modules/react-native-screens/android/build/generated/source/codegen/jni/react/renderer/components/rnscreens/EventEmitters.cpp:81:40: warning: '$' in identifier [-Wdollar-in-identifier-extension]
C/C++:   dispatchEvent("transitionProgress", [$event=std::move($event)](jsi::Runtime &runtime) {
C/C++:                                        ^
C/C++: /home/expo/workingdir/build/node_modules/react-native-screens/android/build/generated/source/codegen/jni/react/renderer/components/rnscreens/EventEmitters.cpp:81:57: warning: '$' in identifier [-Wdollar-in-identifier-extension]
C/C++:   dispatchEvent("transitionProgress", [$event=std::move($event)](jsi::Runtime &runtime) {
C/C++:                                                         ^
C/C++: /home/expo/workingdir/build/node_modules/react-native-screens/android/build/generated/source/codegen/jni/react/renderer/components/rnscreens/EventEmitters.cpp:82:10: warning: '$' in identifier [-Wdollar-in-identifier-extension]
C/C++:     auto $payload = jsi::Object(runtime);
C/C++:          ^
C/C++: /home/expo/workingdir/build/node_modules/react-native-screens/android/build/generated/source/codegen/jni/react/renderer/components/rnscreens/EventEmitters.cpp:83:5: warning: '$' in identifier [-Wdollar-in-identifier-extension]
C/C++:     $payload.setProperty(runtime, "progress", $event.progress);
C/C++:     ^
C/C++: /home/expo/workingdir/build/node_modules/react-native-screens/android/build/generated/source/codegen/jni/react/renderer/components/rnscreens/EventEmitters.cpp:83:47: warning: '$' in identifier [-Wdollar-in-identifier-extension]
C/C++:     $payload.setProperty(runtime, "progress", $event.progress);
C/C++:                                               ^
C/C++: /home/expo/workingdir/build/node_modules/react-native-screens/android/build/generated/source/codegen/jni/react/renderer/components/rnscreens/EventEmitters.cpp:84:1: warning: '$' in identifier [-Wdollar-in-identifier-extension]
C/C++: $payload.setProperty(runtime, "closing", $event.closing);
C/C++: ^
C/C++: /home/expo/workingdir/build/node_modules/react-native-screens/android/build/generated/source/codegen/jni/react/renderer/components/rnscreens/EventEmitters.cpp:84:42: warning: '$' in identifier [-Wdollar-in-identifier-extension]
C/C++: $payload.setProperty(runtime, "closing", $event.closing);
C/C++:                                          ^
C/C++: /home/expo/workingdir/build/node_modules/react-native-screens/android/build/generated/source/codegen/jni/react/renderer/components/rnscreens/EventEmitters.cpp:85:1: warning: '$' in identifier [-Wdollar-in-identifier-extension]
C/C++: $payload.setProperty(runtime, "goingForward", $event.goingForward);
C/C++: ^
C/C++: /home/expo/workingdir/build/node_modules/react-native-screens/android/build/generated/source/codegen/jni/react/renderer/components/rnscreens/EventEmitters.cpp:85:47: warning: '$' in identifier [-Wdollar-in-identifier-extension]
C/C++: $payload.setProperty(runtime, "goingForward", $event.goingForward);
C/C++:                                               ^
C/C++: /home/expo/workingdir/build/node_modules/react-native-screens/android/build/generated/source/codegen/jni/react/renderer/components/rnscreens/EventEmitters.cpp:86:12: warning: '$' in identifier [-Wdollar-in-identifier-extension]
C/C++:     return $payload;
C/C++:            ^
C/C++: /home/expo/workingdir/build/node_modules/react-native-screens/android/build/generated/source/codegen/jni/react/renderer/components/rnscreens/EventEmitters.cpp:91:66: warning: '$' in identifier [-Wdollar-in-identifier-extension]
C/C++: void RNSModalScreenEventEmitter::onGestureCancel(OnGestureCancel $event) const {
C/C++:                                                                  ^
C/C++: /home/expo/workingdir/build/node_modules/react-native-screens/android/build/generated/source/codegen/jni/react/renderer/components/rnscreens/EventEmitters.cpp:93:10: warning: '$' in identifier [-Wdollar-in-identifier-extension]
C/C++:     auto $payload = jsi::Object(runtime);
C/C++:          ^
C/C++: /home/expo/workingdir/build/node_modules/react-native-screens/android/build/generated/source/codegen/jni/react/renderer/components/rnscreens/EventEmitters.cpp:95:12: warning: '$' in identifier [-Wdollar-in-identifier-extension]
C/C++:     return $payload;
C/C++:            ^
C/C++: /home/expo/workingdir/build/node_modules/react-native-screens/android/build/generated/source/codegen/jni/react/renderer/components/rnscreens/EventEmitters.cpp:100:86: warning: '$' in identifier [-Wdollar-in-identifier-extension]
C/C++: void RNSModalScreenEventEmitter::onHeaderBackButtonClicked(OnHeaderBackButtonClicked $event) const {
C/C++:                                                                                      ^
C/C++: /home/expo/workingdir/build/node_modules/react-native-screens/android/build/generated/source/codegen/jni/react/renderer/components/rnscreens/EventEmitters.cpp:102:10: warning: '$' in identifier [-Wdollar-in-identifier-extension]
C/C++:     auto $payload = jsi::Object(runtime);
C/C++:          ^
C/C++: /home/expo/workingdir/build/node_modules/react-native-screens/android/build/generated/source/codegen/jni/react/renderer/components/rnscreens/EventEmitters.cpp:104:12: warning: '$' in identifier [-Wdollar-in-identifier-extension]
C/C++:     return $payload;
C/C++:            ^
C/C++: /home/expo/workingdir/build/node_modules/react-native-screens/android/build/generated/source/codegen/jni/react/renderer/components/rnscreens/EventEmitters.cpp:109:76: warning: '$' in identifier [-Wdollar-in-identifier-extension]
C/C++: void RNSModalScreenEventEmitter::onSheetDetentChanged(OnSheetDetentChanged $event) const {
C/C++:                                                                            ^
C/C++: /home/expo/workingdir/build/node_modules/react-native-screens/android/build/generated/source/codegen/jni/react/renderer/components/rnscreens/EventEmitters.cpp:110:40: warning: '$' in identifier [-Wdollar-in-identifier-extension]
C/C++:   dispatchEvent("sheetDetentChanged", [$event=std::move($event)](jsi::Runtime &runtime) {
C/C++:                                        ^
C/C++: /home/expo/workingdir/build/node_modules/react-native-screens/android/build/generated/source/codegen/jni/react/renderer/components/rnscreens/EventEmitters.cpp:110:57: warning: '$' in identifier [-Wdollar-in-identifier-extension]
C/C++:   dispatchEvent("sheetDetentChanged", [$event=std::move($event)](jsi::Runtime &runtime) {
C/C++:                                                         ^
C/C++: /home/expo/workingdir/build/node_modules/react-native-screens/android/build/generated/source/codegen/jni/react/renderer/components/rnscreens/EventEmitters.cpp:111:10: warning: '$' in identifier [-Wdollar-in-identifier-extension]
C/C++:     auto $payload = jsi::Object(runtime);
C/C++:          ^
C/C++: /home/expo/workingdir/build/node_modules/react-native-screens/android/build/generated/source/codegen/jni/react/renderer/components/rnscreens/EventEmitters.cpp:112:5: warning: '$' in identifier [-Wdollar-in-identifier-extension]
C/C++:     $payload.setProperty(runtime, "index", $event.index);
C/C++:     ^
C/C++: /home/expo/workingdir/build/node_modules/react-native-screens/android/build/generated/source/codegen/jni/react/renderer/components/rnscreens/EventEmitters.cpp:112:44: warning: '$' in identifier [-Wdollar-in-identifier-extension]
C/C++:     $payload.setProperty(runtime, "index", $event.index);
C/C++:                                            ^
C/C++: /home/expo/workingdir/build/node_modules/react-native-screens/android/build/generated/source/codegen/jni/react/renderer/components/rnscreens/EventEmitters.cpp:113:1: warning: '$' in identifier [-Wdollar-in-identifier-extension]
C/C++: $payload.setProperty(runtime, "isStable", $event.isStable);
C/C++: ^
C/C++: /home/expo/workingdir/build/node_modules/react-native-screens/android/build/generated/source/codegen/jni/react/renderer/components/rnscreens/EventEmitters.cpp:113:43: warning: '$' in identifier [-Wdollar-in-identifier-extension]
C/C++: $payload.setProperty(runtime, "isStable", $event.isStable);
C/C++:                                           ^
C/C++: /home/expo/workingdir/build/node_modules/react-native-screens/android/build/generated/source/codegen/jni/react/renderer/components/rnscreens/EventEmitters.cpp:114:12: warning: '$' in identifier [-Wdollar-in-identifier-extension]
C/C++:     return $payload;
C/C++:            ^
C/C++: /home/expo/workingdir/build/node_modules/react-native-screens/android/build/generated/source/codegen/jni/react/renderer/components/rnscreens/EventEmitters.cpp:122:47: warning: '$' in identifier [-Wdollar-in-identifier-extension]
C/C++: void RNSScreenEventEmitter::onAppear(OnAppear $event) const {
C/C++:                                               ^
C/C++: /home/expo/workingdir/build/node_modules/react-native-screens/android/build/generated/source/codegen/jni/react/renderer/components/rnscreens/EventEmitters.cpp:124:10: warning: '$' in identifier [-Wdollar-in-identifier-extension]
C/C++:     auto $payload = jsi::Object(runtime);
C/C++:          ^
C/C++: /home/expo/workingdir/build/node_modules/react-native-screens/android/build/generated/source/codegen/jni/react/renderer/components/rnscreens/EventEmitters.cpp:126:12: warning: '$' in identifier [-Wdollar-in-identifier-extension]
C/C++:     return $payload;
C/C++:            ^
C/C++: /home/expo/workingdir/build/node_modules/react-native-screens/android/build/generated/source/codegen/jni/react/renderer/components/rnscreens/EventEmitters.cpp:131:53: warning: '$' in identifier [-Wdollar-in-identifier-extension]
C/C++: void RNSScreenEventEmitter::onDisappear(OnDisappear $event) const {
C/C++:                                                     ^
C/C++: /home/expo/workingdir/build/node_modules/react-native-screens/android/build/generated/source/codegen/jni/react/renderer/components/rnscreens/EventEmitters.cpp:133:10: warning: '$' in identifier [-Wdollar-in-identifier-extension]
C/C++:     auto $payload = jsi::Object(runtime);
C/C++:          ^
C/C++: /home/expo/workingdir/build/node_modules/react-native-screens/android/build/generated/source/codegen/jni/react/renderer/components/rnscreens/EventEmitters.cpp:135:12: warning: '$' in identifier [-Wdollar-in-identifier-extension]
C/C++:     return $payload;
C/C++:            ^
C/C++: /home/expo/workingdir/build/node_modules/react-native-screens/android/build/generated/source/codegen/jni/react/renderer/components/rnscreens/EventEmitters.cpp:140:53: warning: '$' in identifier [-Wdollar-in-identifier-extension]
C/C++: void RNSScreenEventEmitter::onDismissed(OnDismissed $event) const {
C/C++:                                                     ^
C/C++: /home/expo/workingdir/build/node_modules/react-native-screens/android/build/generated/source/codegen/jni/react/renderer/components/rnscreens/EventEmitters.cpp:141:31: warning: '$' in identifier [-Wdollar-in-identifier-extension]
C/C++:   dispatchEvent("dismissed", [$event=std::move($event)](jsi::Runtime &runtime) {
C/C++:                               ^
C/C++: /home/expo/workingdir/build/node_modules/react-native-screens/android/build/generated/source/codegen/jni/react/renderer/components/rnscreens/EventEmitters.cpp:141:48: warning: '$' in identifier [-Wdollar-in-identifier-extension]
C/C++:   dispatchEvent("dismissed", [$event=std::move($event)](jsi::Runtime &runtime) {
C/C++:                                                ^
C/C++: /home/expo/workingdir/build/node_modules/react-native-screens/android/build/generated/source/codegen/jni/react/renderer/components/rnscreens/EventEmitters.cpp:142:10: warning: '$' in identifier [-Wdollar-in-identifier-extension]
C/C++:     auto $payload = jsi::Object(runtime);
C/C++:          ^
C/C++: /home/expo/workingdir/build/node_modules/react-native-screens/android/build/generated/source/codegen/jni/react/renderer/components/rnscreens/EventEmitters.cpp:143:5: warning: '$' in identifier [-Wdollar-in-identifier-extension]
C/C++:     $payload.setProperty(runtime, "dismissCount", $event.dismissCount);
C/C++:     ^
C/C++: /home/expo/workingdir/build/node_modules/react-native-screens/android/build/generated/source/codegen/jni/react/renderer/components/rnscreens/EventEmitters.cpp:143:51: warning: '$' in identifier [-Wdollar-in-identifier-extension]
C/C++:     $payload.setProperty(runtime, "dismissCount", $event.dismissCount);
C/C++:                                                   ^
C/C++: /home/expo/workingdir/build/node_modules/react-native-screens/android/build/generated/source/codegen/jni/react/renderer/components/rnscreens/EventEmitters.cpp:144:12: warning: '$' in identifier [-Wdollar-in-identifier-extension]
C/C++:     return $payload;
C/C++:            ^
C/C++: /home/expo/workingdir/build/node_modules/react-native-screens/android/build/generated/source/codegen/jni/react/renderer/components/rnscreens/EventEmitters.cpp:149:79: warning: '$' in identifier [-Wdollar-in-identifier-extension]
C/C++: void RNSScreenEventEmitter::onNativeDismissCancelled(OnNativeDismissCancelled $event) const {
C/C++:                                                                               ^
C/C++: /home/expo/workingdir/build/node_modules/react-native-screens/android/build/generated/source/codegen/jni/react/renderer/components/rnscreens/EventEmitters.cpp:150:44: warning: '$' in identifier [-Wdollar-in-identifier-extension]
C/C++:   dispatchEvent("nativeDismissCancelled", [$event=std::move($event)](jsi::Runtime &runtime) {
C/C++:                                            ^
C/C++: /home/expo/workingdir/build/node_modules/react-native-screens/android/build/generated/source/codegen/jni/react/renderer/components/rnscreens/EventEmitters.cpp:150:61: warning: '$' in identifier [-Wdollar-in-identifier-extension]
C/C++:   dispatchEvent("nativeDismissCancelled", [$event=std::move($event)](jsi::Runtime &runtime) {
C/C++:                                                             ^
C/C++: /home/expo/workingdir/build/node_modules/react-native-screens/android/build/generated/source/codegen/jni/react/renderer/components/rnscreens/EventEmitters.cpp:151:10: warning: '$' in identifier [-Wdollar-in-identifier-extension]
C/C++:     auto $payload = jsi::Object(runtime);
C/C++:          ^
C/C++: /home/expo/workingdir/build/node_modules/react-native-screens/android/build/generated/source/codegen/jni/react/renderer/components/rnscreens/EventEmitters.cpp:152:5: warning: '$' in identifier [-Wdollar-in-identifier-extension]
C/C++:     $payload.setProperty(runtime, "dismissCount", $event.dismissCount);
C/C++:     ^
C/C++: /home/expo/workingdir/build/node_modules/react-native-screens/android/build/generated/source/codegen/jni/react/renderer/components/rnscreens/EventEmitters.cpp:152:51: warning: '$' in identifier [-Wdollar-in-identifier-extension]
C/C++:     $payload.setProperty(runtime, "dismissCount", $event.dismissCount);
C/C++:                                                   ^
C/C++: /home/expo/workingdir/build/node_modules/react-native-screens/android/build/generated/source/codegen/jni/react/renderer/components/rnscreens/EventEmitters.cpp:153:12: warning: '$' in identifier [-Wdollar-in-identifier-extension]
C/C++:     return $payload;
C/C++:            ^
C/C++: /home/expo/workingdir/build/node_modules/react-native-screens/android/build/generated/source/codegen/jni/react/renderer/components/rnscreens/EventEmitters.cpp:158:55: warning: '$' in identifier [-Wdollar-in-identifier-extension]
C/C++: void RNSScreenEventEmitter::onWillAppear(OnWillAppear $event) const {
C/C++:                                                       ^
C/C++: /home/expo/workingdir/build/node_modules/react-native-screens/android/build/generated/source/codegen/jni/react/renderer/components/rnscreens/EventEmitters.cpp:160:10: warning: '$' in identifier [-Wdollar-in-identifier-extension]
C/C++:     auto $payload = jsi::Object(runtime);
C/C++:          ^
C/C++: /home/expo/workingdir/build/node_modules/react-native-screens/android/build/generated/source/codegen/jni/react/renderer/components/rnscreens/EventEmitters.cpp:162:12: warning: '$' in identifier [-Wdollar-in-identifier-extension]
C/C++:     return $payload;
C/C++:            ^
C/C++: /home/expo/workingdir/build/node_modules/react-native-screens/android/build/generated/source/codegen/jni/react/renderer/components/rnscreens/EventEmitters.cpp:167:61: warning: '$' in identifier [-Wdollar-in-identifier-extension]
C/C++: void RNSScreenEventEmitter::onWillDisappear(OnWillDisappear $event) const {
C/C++:                                                             ^
C/C++: /home/expo/workingdir/build/node_modules/react-native-screens/android/build/generated/source/codegen/jni/react/renderer/components/rnscreens/EventEmitters.cpp:169:10: warning: '$' in identifier [-Wdollar-in-identifier-extension]
C/C++:     auto $payload = jsi::Object(runtime);
C/C++:          ^
C/C++: /home/expo/workingdir/build/node_modules/react-native-screens/android/build/generated/source/codegen/jni/react/renderer/components/rnscreens/EventEmitters.cpp:171:12: warning: '$' in identifier [-Wdollar-in-identifier-extension]
C/C++:     return $payload;
C/C++:            ^
C/C++: /home/expo/workingdir/build/node_modules/react-native-screens/android/build/generated/source/codegen/jni/react/renderer/components/rnscreens/EventEmitters.cpp:176:71: warning: '$' in identifier [-Wdollar-in-identifier-extension]
C/C++: void RNSScreenEventEmitter::onHeaderHeightChange(OnHeaderHeightChange $event) const {
C/C++:                                                                       ^
C/C++: /home/expo/workingdir/build/node_modules/react-native-screens/android/build/generated/source/codegen/jni/react/renderer/components/rnscreens/EventEmitters.cpp:177:40: warning: '$' in identifier [-Wdollar-in-identifier-extension]
C/C++:   dispatchEvent("headerHeightChange", [$event=std::move($event)](jsi::Runtime &runtime) {
C/C++:                                        ^
C/C++: /home/expo/workingdir/build/node_modules/react-native-screens/android/build/generated/source/codegen/jni/react/renderer/components/rnscreens/EventEmitters.cpp:177:57: warning: '$' in identifier [-Wdollar-in-identifier-extension]
C/C++:   dispatchEvent("headerHeightChange", [$event=std::move($event)](jsi::Runtime &runtime) {
C/C++:                                                         ^
C/C++: /home/expo/workingdir/build/node_modules/react-native-screens/android/build/generated/source/codegen/jni/react/renderer/components/rnscreens/EventEmitters.cpp:178:10: warning: '$' in identifier [-Wdollar-in-identifier-extension]
C/C++:     auto $payload = jsi::Object(runtime);
C/C++:          ^
C/C++: /home/expo/workingdir/build/node_modules/react-native-screens/android/build/generated/source/codegen/jni/react/renderer/components/rnscreens/EventEmitters.cpp:179:5: warning: '$' in identifier [-Wdollar-in-identifier-extension]
C/C++:     $payload.setProperty(runtime, "headerHeight", $event.headerHeight);
C/C++:     ^
C/C++: /home/expo/workingdir/build/node_modules/react-native-screens/android/build/generated/source/codegen/jni/react/renderer/components/rnscreens/EventEmitters.cpp:179:51: warning: '$' in identifier [-Wdollar-in-identifier-extension]
C/C++:     $payload.setProperty(runtime, "headerHeight", $event.headerHeight);
C/C++:                                                   ^
C/C++: /home/expo/workingdir/build/node_modules/react-native-screens/android/build/generated/source/codegen/jni/react/renderer/components/rnscreens/EventEmitters.cpp:180:12: warning: '$' in identifier [-Wdollar-in-identifier-extension]
C/C++:     return $payload;
C/C++:            ^
C/C++: /home/expo/workingdir/build/node_modules/react-native-screens/android/build/generated/source/codegen/jni/react/renderer/components/rnscreens/EventEmitters.cpp:185:71: warning: '$' in identifier [-Wdollar-in-identifier-extension]
C/C++: void RNSScreenEventEmitter::onTransitionProgress(OnTransitionProgress $event) const {
C/C++:                                                                       ^
C/C++: /home/expo/workingdir/build/node_modules/react-native-screens/android/build/generated/source/codegen/jni/react/renderer/components/rnscreens/EventEmitters.cpp:186:40: warning: '$' in identifier [-Wdollar-in-identifier-extension]
C/C++:   dispatchEvent("transitionProgress", [$event=std::move($event)](jsi::Runtime &runtime) {
C/C++:                                        ^
C/C++: /home/expo/workingdir/build/node_modules/react-native-screens/android/build/generated/source/codegen/jni/react/renderer/components/rnscreens/EventEmitters.cpp:186:57: warning: '$' in identifier [-Wdollar-in-identifier-extension]
C/C++:   dispatchEvent("transitionProgress", [$event=std::move($event)](jsi::Runtime &runtime) {
C/C++:                                                         ^
C/C++: /home/expo/workingdir/build/node_modules/react-native-screens/android/build/generated/source/codegen/jni/react/renderer/components/rnscreens/EventEmitters.cpp:187:10: warning: '$' in identifier [-Wdollar-in-identifier-extension]
C/C++:     auto $payload = jsi::Object(runtime);
C/C++:          ^
C/C++: /home/expo/workingdir/build/node_modules/react-native-screens/android/build/generated/source/codegen/jni/react/renderer/components/rnscreens/EventEmitters.cpp:188:5: warning: '$' in identifier [-Wdollar-in-identifier-extension]
C/C++:     $payload.setProperty(runtime, "progress", $event.progress);
C/C++:     ^
C/C++: /home/expo/workingdir/build/node_modules/react-native-screens/android/build/generated/source/codegen/jni/react/renderer/components/rnscreens/EventEmitters.cpp:188:47: warning: '$' in identifier [-Wdollar-in-identifier-extension]
C/C++:     $payload.setProperty(runtime, "progress", $event.progress);
C/C++:                                               ^
C/C++: /home/expo/workingdir/build/node_modules/react-native-screens/android/build/generated/source/codegen/jni/react/renderer/components/rnscreens/EventEmitters.cpp:189:1: warning: '$' in identifier [-Wdollar-in-identifier-extension]
C/C++: $payload.setProperty(runtime, "closing", $event.closing);
C/C++: ^
C/C++: /home/expo/workingdir/build/node_modules/react-native-screens/android/build/generated/source/codegen/jni/react/renderer/components/rnscreens/EventEmitters.cpp:189:42: warning: '$' in identifier [-Wdollar-in-identifier-extension]
C/C++: $payload.setProperty(runtime, "closing", $event.closing);
C/C++:                                          ^
C/C++: /home/expo/workingdir/build/node_modules/react-native-screens/android/build/generated/source/codegen/jni/react/renderer/components/rnscreens/EventEmitters.cpp:190:1: warning: '$' in identifier [-Wdollar-in-identifier-extension]
C/C++: $payload.setProperty(runtime, "goingForward", $event.goingForward);
C/C++: ^
C/C++: /home/expo/workingdir/build/node_modules/react-native-screens/android/build/generated/source/codegen/jni/react/renderer/components/rnscreens/EventEmitters.cpp:190:47: warning: '$' in identifier [-Wdollar-in-identifier-extension]
C/C++: $payload.setProperty(runtime, "goingForward", $event.goingForward);
C/C++:                                               ^
C/C++: /home/expo/workingdir/build/node_modules/react-native-screens/android/build/generated/source/codegen/jni/react/renderer/components/rnscreens/EventEmitters.cpp:191:12: warning: '$' in identifier [-Wdollar-in-identifier-extension]
C/C++:     return $payload;
C/C++:            ^
C/C++: /home/expo/workingdir/build/node_modules/react-native-screens/android/build/generated/source/codegen/jni/react/renderer/components/rnscreens/EventEmitters.cpp:196:61: warning: '$' in identifier [-Wdollar-in-identifier-extension]
C/C++: void RNSScreenEventEmitter::onGestureCancel(OnGestureCancel $event) const {
C/C++:                                                             ^
C/C++: /home/expo/workingdir/build/node_modules/react-native-screens/android/build/generated/source/codegen/jni/react/renderer/components/rnscreens/EventEmitters.cpp:198:10: warning: '$' in identifier [-Wdollar-in-identifier-extension]
C/C++:     auto $payload = jsi::Object(runtime);
C/C++:          ^
C/C++: /home/expo/workingdir/build/node_modules/react-native-screens/android/build/generated/source/codegen/jni/react/renderer/components/rnscreens/EventEmitters.cpp:200:12: warning: '$' in identifier [-Wdollar-in-identifier-extension]
C/C++:     return $payload;
C/C++:            ^
C/C++: /home/expo/workingdir/build/node_modules/react-native-screens/android/build/generated/source/codegen/jni/react/renderer/components/rnscreens/EventEmitters.cpp:205:81: warning: '$' in identifier [-Wdollar-in-identifier-extension]
C/C++: void RNSScreenEventEmitter::onHeaderBackButtonClicked(OnHeaderBackButtonClicked $event) const {
C/C++:                                                                                 ^
C/C++: /home/expo/workingdir/build/node_modules/react-native-screens/android/build/generated/source/codegen/jni/react/renderer/components/rnscreens/EventEmitters.cpp:207:10: warning: '$' in identifier [-Wdollar-in-identifier-extension]
C/C++:     auto $payload = jsi::Object(runtime);
C/C++:          ^
C/C++: /home/expo/workingdir/build/node_modules/react-native-screens/android/build/generated/source/codegen/jni/react/renderer/components/rnscreens/EventEmitters.cpp:209:12: warning: '$' in identifier [-Wdollar-in-identifier-extension]
C/C++:     return $payload;
C/C++:            ^
C/C++: /home/expo/workingdir/build/node_modules/react-native-screens/android/build/generated/source/codegen/jni/react/renderer/components/rnscreens/EventEmitters.cpp:214:71: warning: '$' in identifier [-Wdollar-in-identifier-extension]
C/C++: void RNSScreenEventEmitter::onSheetDetentChanged(OnSheetDetentChanged $event) const {
C/C++:                                                                       ^
C/C++: /home/expo/workingdir/build/node_modules/react-native-screens/android/build/generated/source/codegen/jni/react/renderer/components/rnscreens/EventEmitters.cpp:215:40: warning: '$' in identifier [-Wdollar-in-identifier-extension]
C/C++:   dispatchEvent("sheetDetentChanged", [$event=std::move($event)](jsi::Runtime &runtime) {
C/C++:                                        ^
C/C++: /home/expo/workingdir/build/node_modules/react-native-screens/android/build/generated/source/codegen/jni/react/renderer/components/rnscreens/EventEmitters.cpp:215:57: warning: '$' in identifier [-Wdollar-in-identifier-extension]
C/C++:   dispatchEvent("sheetDetentChanged", [$event=std::move($event)](jsi::Runtime &runtime) {
C/C++:                                                         ^
C/C++: /home/expo/workingdir/build/node_modules/react-native-screens/android/build/generated/source/codegen/jni/react/renderer/components/rnscreens/EventEmitters.cpp:216:10: warning: '$' in identifier [-Wdollar-in-identifier-extension]
C/C++:     auto $payload = jsi::Object(runtime);
C/C++:          ^
C/C++: /home/expo/workingdir/build/node_modules/react-native-screens/android/build/generated/source/codegen/jni/react/renderer/components/rnscreens/EventEmitters.cpp:217:5: warning: '$' in identifier [-Wdollar-in-identifier-extension]
C/C++:     $payload.setProperty(runtime, "index", $event.index);
C/C++:     ^
C/C++: /home/expo/workingdir/build/node_modules/react-native-screens/android/build/generated/source/codegen/jni/react/renderer/components/rnscreens/EventEmitters.cpp:217:44: warning: '$' in identifier [-Wdollar-in-identifier-extension]
C/C++:     $payload.setProperty(runtime, "index", $event.index);
C/C++:                                            ^
C/C++: /home/expo/workingdir/build/node_modules/react-native-screens/android/build/generated/source/codegen/jni/react/renderer/components/rnscreens/EventEmitters.cpp:218:1: warning: '$' in identifier [-Wdollar-in-identifier-extension]
C/C++: $payload.setProperty(runtime, "isStable", $event.isStable);
C/C++: ^
C/C++: /home/expo/workingdir/build/node_modules/react-native-screens/android/build/generated/source/codegen/jni/react/renderer/components/rnscreens/EventEmitters.cpp:218:43: warning: '$' in identifier [-Wdollar-in-identifier-extension]
C/C++: $payload.setProperty(runtime, "isStable", $event.isStable);
C/C++:                                           ^
C/C++: /home/expo/workingdir/build/node_modules/react-native-screens/android/build/generated/source/codegen/jni/react/renderer/components/rnscreens/EventEmitters.cpp:219:12: warning: '$' in identifier [-Wdollar-in-identifier-extension]
C/C++:     return $payload;
C/C++:            ^
C/C++: /home/expo/workingdir/build/node_modules/react-native-screens/android/build/generated/source/codegen/jni/react/renderer/components/rnscreens/EventEmitters.cpp:225:68: warning: '$' in identifier [-Wdollar-in-identifier-extension]
C/C++: void RNSScreenStackHeaderConfigEventEmitter::onAttached(OnAttached $event) const {
C/C++:                                                                    ^
C/C++: /home/expo/workingdir/build/node_modules/react-native-screens/android/build/generated/source/codegen/jni/react/renderer/components/rnscreens/EventEmitters.cpp:227:10: warning: '$' in identifier [-Wdollar-in-identifier-extension]
C/C++:     auto $payload = jsi::Object(runtime);
C/C++:          ^
C/C++: /home/expo/workingdir/build/node_modules/react-native-screens/android/build/generated/source/codegen/jni/react/renderer/components/rnscreens/EventEmitters.cpp:229:12: warning: '$' in identifier [-Wdollar-in-identifier-extension]
C/C++:     return $payload;
C/C++:            ^
C/C++: /home/expo/workingdir/build/node_modules/react-native-screens/android/build/generated/source/codegen/jni/react/renderer/components/rnscreens/EventEmitters.cpp:234:68: warning: '$' in identifier [-Wdollar-in-identifier-extension]
C/C++: void RNSScreenStackHeaderConfigEventEmitter::onDetached(OnDetached $event) const {
C/C++:                                                                    ^
C/C++: /home/expo/workingdir/build/node_modules/react-native-screens/android/build/generated/source/codegen/jni/react/renderer/components/rnscreens/EventEmitters.cpp:236:10: warning: '$' in identifier [-Wdollar-in-identifier-extension]
C/C++:     auto $payload = jsi::Object(runtime);
C/C++:          ^
C/C++: /home/expo/workingdir/build/node_modules/react-native-screens/android/build/generated/source/codegen/jni/react/renderer/components/rnscreens/EventEmitters.cpp:238:12: warning: '$' in identifier [-Wdollar-in-identifier-extension]
C/C++:     return $payload;
C/C++:            ^
C/C++: /home/expo/workingdir/build/node_modules/react-native-screens/android/build/generated/source/codegen/jni/react/renderer/components/rnscreens/EventEmitters.cpp:244:78: warning: '$' in identifier [-Wdollar-in-identifier-extension]
C/C++: void RNSScreenStackEventEmitter::onFinishTransitioning(OnFinishTransitioning $event) const {
C/C++:                                                                              ^
C/C++: /home/expo/workingdir/build/node_modules/react-native-screens/android/build/generated/source/codegen/jni/react/renderer/components/rnscreens/EventEmitters.cpp:246:10: warning: '$' in identifier [-Wdollar-in-identifier-extension]
C/C++:     auto $payload = jsi::Object(runtime);
C/C++:          ^
C/C++: /home/expo/workingdir/build/node_modules/react-native-screens/android/build/generated/source/codegen/jni/react/renderer/components/rnscreens/EventEmitters.cpp:248:12: warning: '$' in identifier [-Wdollar-in-identifier-extension]
C/C++:     return $payload;
C/C++:            ^
C/C++: /home/expo/workingdir/build/node_modules/react-native-screens/android/build/generated/source/codegen/jni/react/renderer/components/rnscreens/EventEmitters.cpp:253:60: warning: '$' in identifier [-Wdollar-in-identifier-extension]
C/C++: void RNSSearchBarEventEmitter::onSearchFocus(OnSearchFocus $event) const {
C/C++:                                                            ^
C/C++: /home/expo/workingdir/build/node_modules/react-native-screens/android/build/generated/source/codegen/jni/react/renderer/components/rnscreens/EventEmitters.cpp:255:10: warning: '$' in identifier [-Wdollar-in-identifier-extension]
C/C++:     auto $payload = jsi::Object(runtime);
C/C++:          ^
C/C++: /home/expo/workingdir/build/node_modules/react-native-screens/android/build/generated/source/codegen/jni/react/renderer/components/rnscreens/EventEmitters.cpp:257:12: warning: '$' in identifier [-Wdollar-in-identifier-extension]
C/C++:     return $payload;
C/C++:            ^
C/C++: /home/expo/workingdir/build/node_modules/react-native-screens/android/build/generated/source/codegen/jni/react/renderer/components/rnscreens/EventEmitters.cpp:262:58: warning: '$' in identifier [-Wdollar-in-identifier-extension]
C/C++: void RNSSearchBarEventEmitter::onSearchBlur(OnSearchBlur $event) const {
C/C++:                                                          ^
C/C++: /home/expo/workingdir/build/node_modules/react-native-screens/android/build/generated/source/codegen/jni/react/renderer/components/rnscreens/EventEmitters.cpp:264:10: warning: '$' in identifier [-Wdollar-in-identifier-extension]
C/C++:     auto $payload = jsi::Object(runtime);
C/C++:          ^
C/C++: /home/expo/workingdir/build/node_modules/react-native-screens/android/build/generated/source/codegen/jni/react/renderer/components/rnscreens/EventEmitters.cpp:266:12: warning: '$' in identifier [-Wdollar-in-identifier-extension]
C/C++:     return $payload;
C/C++:            ^
C/C++: /home/expo/workingdir/build/node_modules/react-native-screens/android/build/generated/source/codegen/jni/react/renderer/components/rnscreens/EventEmitters.cpp:271:72: warning: '$' in identifier [-Wdollar-in-identifier-extension]
C/C++: void RNSSearchBarEventEmitter::onSearchButtonPress(OnSearchButtonPress $event) const {
C/C++:                                                                        ^
C/C++: /home/expo/workingdir/build/node_modules/react-native-screens/android/build/generated/source/codegen/jni/react/renderer/components/rnscreens/EventEmitters.cpp:272:39: warning: '$' in identifier [-Wdollar-in-identifier-extension]
C/C++:   dispatchEvent("searchButtonPress", [$event=std::move($event)](jsi::Runtime &runtime) {
C/C++:                                       ^
C/C++: /home/expo/workingdir/build/node_modules/react-native-screens/android/build/generated/source/codegen/jni/react/renderer/components/rnscreens/EventEmitters.cpp:272:56: warning: '$' in identifier [-Wdollar-in-identifier-extension]
C/C++:   dispatchEvent("searchButtonPress", [$event=std::move($event)](jsi::Runtime &runtime) {
C/C++:                                                        ^
C/C++: /home/expo/workingdir/build/node_modules/react-native-screens/android/build/generated/source/codegen/jni/react/renderer/components/rnscreens/EventEmitters.cpp:273:10: warning: '$' in identifier [-Wdollar-in-identifier-extension]
C/C++:     auto $payload = jsi::Object(runtime);
C/C++:          ^
C/C++: /home/expo/workingdir/build/node_modules/react-native-screens/android/build/generated/source/codegen/jni/react/renderer/components/rnscreens/EventEmitters.cpp:274:5: warning: '$' in identifier [-Wdollar-in-identifier-extension]
C/C++:     $payload.setProperty(runtime, "text", $event.text);
C/C++:     ^
C/C++: /home/expo/workingdir/build/node_modules/react-native-screens/android/build/generated/source/codegen/jni/react/renderer/components/rnscreens/EventEmitters.cpp:274:43: warning: '$' in identifier [-Wdollar-in-identifier-extension]
C/C++:     $payload.setProperty(runtime, "text", $event.text);
C/C++:                                           ^
C/C++: /home/expo/workingdir/build/node_modules/react-native-screens/android/build/generated/source/codegen/jni/react/renderer/components/rnscreens/EventEmitters.cpp:275:12: warning: '$' in identifier [-Wdollar-in-identifier-extension]
C/C++:     return $payload;
C/C++:            ^
C/C++: /home/expo/workingdir/build/node_modules/react-native-screens/android/build/generated/source/codegen/jni/react/renderer/components/rnscreens/EventEmitters.cpp:280:72: warning: '$' in identifier [-Wdollar-in-identifier-extension]
C/C++: void RNSSearchBarEventEmitter::onCancelButtonPress(OnCancelButtonPress $event) const {
C/C++:                                                                        ^
C/C++: /home/expo/workingdir/build/node_modules/react-native-screens/android/build/generated/source/codegen/jni/react/renderer/components/rnscreens/EventEmitters.cpp:282:10: warning: '$' in identifier [-Wdollar-in-identifier-extension]
C/C++:     auto $payload = jsi::Object(runtime);
C/C++:          ^
C/C++: /home/expo/workingdir/build/node_modules/react-native-screens/android/build/generated/source/codegen/jni/react/renderer/components/rnscreens/EventEmitters.cpp:284:12: warning: '$' in identifier [-Wdollar-in-identifier-extension]
C/C++:     return $payload;
C/C++:            ^
C/C++: /home/expo/workingdir/build/node_modules/react-native-screens/android/build/generated/source/codegen/jni/react/renderer/components/rnscreens/EventEmitters.cpp:289:58: warning: '$' in identifier [-Wdollar-in-identifier-extension]
C/C++: void RNSSearchBarEventEmitter::onChangeText(OnChangeText $event) const {
C/C++:                                                          ^
C/C++: /home/expo/workingdir/build/node_modules/react-native-screens/android/build/generated/source/codegen/jni/react/renderer/components/rnscreens/EventEmitters.cpp:290:32: warning: '$' in identifier [-Wdollar-in-identifier-extension]
C/C++:   dispatchEvent("changeText", [$event=std::move($event)](jsi::Runtime &runtime) {
C/C++:                                ^
C/C++: /home/expo/workingdir/build/node_modules/react-native-screens/android/build/generated/source/codegen/jni/react/renderer/components/rnscreens/EventEmitters.cpp:290:49: warning: '$' in identifier [-Wdollar-in-identifier-extension]
C/C++:   dispatchEvent("changeText", [$event=std::move($event)](jsi::Runtime &runtime) {
C/C++:                                                 ^
C/C++: /home/expo/workingdir/build/node_modules/react-native-screens/android/build/generated/source/codegen/jni/react/renderer/components/rnscreens/EventEmitters.cpp:291:10: warning: '$' in identifier [-Wdollar-in-identifier-extension]
C/C++:     auto $payload = jsi::Object(runtime);
C/C++:          ^
C/C++: /home/expo/workingdir/build/node_modules/react-native-screens/android/build/generated/source/codegen/jni/react/renderer/components/rnscreens/EventEmitters.cpp:292:5: warning: '$' in identifier [-Wdollar-in-identifier-extension]
C/C++:     $payload.setProperty(runtime, "text", $event.text);
C/C++:     ^
C/C++: /home/expo/workingdir/build/node_modules/react-native-screens/android/build/generated/source/codegen/jni/react/renderer/components/rnscreens/EventEmitters.cpp:292:43: warning: '$' in identifier [-Wdollar-in-identifier-extension]
C/C++:     $payload.setProperty(runtime, "text", $event.text);
C/C++:                                           ^
C/C++: /home/expo/workingdir/build/node_modules/react-native-screens/android/build/generated/source/codegen/jni/react/renderer/components/rnscreens/EventEmitters.cpp:293:12: warning: '$' in identifier [-Wdollar-in-identifier-extension]
C/C++:     return $payload;
C/C++:            ^
C/C++: /home/expo/workingdir/build/node_modules/react-native-screens/android/build/generated/source/codegen/jni/react/renderer/components/rnscreens/EventEmitters.cpp:298:48: warning: '$' in identifier [-Wdollar-in-identifier-extension]
C/C++: void RNSSearchBarEventEmitter::onClose(OnClose $event) const {
C/C++:                                                ^
C/C++: /home/expo/workingdir/build/node_modules/react-native-screens/android/build/generated/source/codegen/jni/react/renderer/components/rnscreens/EventEmitters.cpp:300:10: warning: '$' in identifier [-Wdollar-in-identifier-extension]
C/C++:     auto $payload = jsi::Object(runtime);
C/C++:          ^
C/C++: /home/expo/workingdir/build/node_modules/react-native-screens/android/build/generated/source/codegen/jni/react/renderer/components/rnscreens/EventEmitters.cpp:302:12: warning: '$' in identifier [-Wdollar-in-identifier-extension]
C/C++:     return $payload;
C/C++:            ^
C/C++: /home/expo/workingdir/build/node_modules/react-native-screens/android/build/generated/source/codegen/jni/react/renderer/components/rnscreens/EventEmitters.cpp:307:46: warning: '$' in identifier [-Wdollar-in-identifier-extension]
C/C++: void RNSSearchBarEventEmitter::onOpen(OnOpen $event) const {
C/C++:                                              ^
C/C++: /home/expo/workingdir/build/node_modules/react-native-screens/android/build/generated/source/codegen/jni/react/renderer/components/rnscreens/EventEmitters.cpp:309:10: warning: '$' in identifier [-Wdollar-in-identifier-extension]
C/C++:     auto $payload = jsi::Object(runtime);
C/C++:          ^
C/C++: /home/expo/workingdir/build/node_modules/react-native-screens/android/build/generated/source/codegen/jni/react/renderer/components/rnscreens/EventEmitters.cpp:311:12: warning: '$' in identifier [-Wdollar-in-identifier-extension]
C/C++:     return $payload;
C/C++:            ^
C/C++: 156 warnings generated.
C/C++: /home/expo/workingdir/build/node_modules/react-native-svg/android/build/generated/source/codegen/jni/react/renderer/components/rnsvg/EventEmitters.cpp:30:44: warning: '$' in identifier [-Wdollar-in-identifier-extension]
C/C++: void RNSVGImageEventEmitter::onLoad(OnLoad $event) const {
C/C++:                                            ^
C/C++: /home/expo/workingdir/build/node_modules/react-native-svg/android/build/generated/source/codegen/jni/react/renderer/components/rnsvg/EventEmitters.cpp:31:26: warning: '$' in identifier [-Wdollar-in-identifier-extension]
C/C++:   dispatchEvent("load", [$event=std::move($event)](jsi::Runtime &runtime) {
C/C++:                          ^
C/C++: /home/expo/workingdir/build/node_modules/react-native-svg/android/build/generated/source/codegen/jni/react/renderer/components/rnsvg/EventEmitters.cpp:31:43: warning: '$' in identifier [-Wdollar-in-identifier-extension]
C/C++:   dispatchEvent("load", [$event=std::move($event)](jsi::Runtime &runtime) {
C/C++:                                           ^
C/C++: /home/expo/workingdir/build/node_modules/react-native-svg/android/build/generated/source/codegen/jni/react/renderer/components/rnsvg/EventEmitters.cpp:32:10: warning: '$' in identifier [-Wdollar-in-identifier-extension]
C/C++:     auto $payload = jsi::Object(runtime);
C/C++:          ^
C/C++: /home/expo/workingdir/build/node_modules/react-native-svg/android/build/generated/source/codegen/jni/react/renderer/components/rnsvg/EventEmitters.cpp:35:40: warning: '$' in identifier [-Wdollar-in-identifier-extension]
C/C++:   source.setProperty(runtime, "width", $event.source.width);
C/C++:                                        ^
C/C++: /home/expo/workingdir/build/node_modules/react-native-svg/android/build/generated/source/codegen/jni/react/renderer/components/rnsvg/EventEmitters.cpp:36:41: warning: '$' in identifier [-Wdollar-in-identifier-extension]
C/C++:   source.setProperty(runtime, "height", $event.source.height);
C/C++:                                         ^
C/C++: /home/expo/workingdir/build/node_modules/react-native-svg/android/build/generated/source/codegen/jni/react/renderer/components/rnsvg/EventEmitters.cpp:37:38: warning: '$' in identifier [-Wdollar-in-identifier-extension]
C/C++:   source.setProperty(runtime, "uri", $event.source.uri);
C/C++:                                      ^
C/C++: /home/expo/workingdir/build/node_modules/react-native-svg/android/build/generated/source/codegen/jni/react/renderer/components/rnsvg/EventEmitters.cpp:38:3: warning: '$' in identifier [-Wdollar-in-identifier-extension]
C/C++:   $payload.setProperty(runtime, "source", source);
C/C++:   ^
C/C++: /home/expo/workingdir/build/node_modules/react-native-svg/android/build/generated/source/codegen/jni/react/renderer/components/rnsvg/EventEmitters.cpp:40:12: warning: '$' in identifier [-Wdollar-in-identifier-extension]
C/C++:     return $payload;
C/C++:            ^
C/C++: 9 warnings generated.
> Task :app:mergeReleaseArtProfile
> Task :app:mergeReleaseAssets
> Task :app:compressReleaseAssets
> Task :app:mergeReleaseNativeLibs
> Task :app:stripReleaseDebugSymbols
> Task :app:extractReleaseNativeSymbolTables
> Task :app:mergeDexRelease
> Task :app:compileReleaseArtProfile
> Task :app:packageRelease
> Task :app:createReleaseApkListingFileRedirect
> Task :app:mergeReleaseNativeDebugMetadata
> Task :app:assembleRelease
BUILD SUCCESSFUL in 7m 32s
782 actionable tasks: 782 executed